transaction_id,amount,customer_age_days,order_count_past_30d,refund_count_past_90d,device_change_flag,shipping_billing_mismatch,payment_method,hour_of_day,is_chargeback
txn_100001,856.49,19,5,2,0,0,credit_card,8,0
txn_100002,4091.61,163,2,0,0,1,upi,17,0
txn_100003,1014.26,12,1,0,0,0,upi,15,0
txn_100004,5080.72,159,7,1,1,0,upi,23,0
txn_100005,868.16,101,0,0,0,0,upi,17,0
txn_100006,643.74,152,1,0,0,0,upi,7,0
txn_100007,1934.69,107,0,0,0,0,upi,9,0
txn_100008,2610.4,154,3,0,0,0,credit_card,6,0
txn_100009,1178.11,297,1,0,0,0,credit_card,18,0
txn_100010,1711.23,70,2,1,0,0,wallet,18,0
txn_100011,565.71,10,2,0,0,0,net_banking,21,0
txn_100012,2496.83,36,1,0,1,0,credit_card,18,0
txn_100013,1493.1,7,2,0,0,0,credit_card,17,0
txn_100014,883.73,123,0,0,0,0,credit_card,18,0
txn_100015,394.64,0,2,0,0,0,debit_card,19,0
txn_100016,1958.93,1,4,0,1,0,upi,7,0
txn_100017,479.68,35,0,0,0,0,net_banking,8,0
txn_100018,2233.5,33,0,0,1,0,credit_card,13,0
txn_100019,133.97,433,6,0,0,0,debit_card,18,0
txn_100020,1749.42,638,5,0,0,0,debit_card,7,0
txn_100021,105.23,27,3,0,0,0,debit_card,15,0
txn_100022,906.27,11,2,0,0,0,net_banking,1,0
txn_100023,1506.58,33,0,0,0,1,credit_card,11,0
txn_100024,1532.31,79,3,1,0,0,net_banking,18,0
txn_100025,616.29,57,7,1,0,0,credit_card,13,0
txn_100026,525.25,12,4,1,1,0,net_banking,15,0
txn_100027,583.16,43,9,0,0,0,credit_card,19,0
txn_100028,2577.0,189,6,0,1,0,credit_card,21,0
txn_100029,380.56,384,2,0,0,0,upi,13,0
txn_100030,892.35,519,2,0,0,0,credit_card,20,0
txn_100031,1655.07,6,2,0,0,0,upi,17,0
txn_100032,1963.37,142,4,0,0,0,upi,20,0
txn_100033,1035.12,157,4,0,0,0,upi,22,0
txn_100034,2603.11,75,0,0,0,0,credit_card,19,0
txn_100035,2813.26,7,4,0,0,0,credit_card,13,0
txn_100036,2322.28,416,6,2,1,0,upi,14,0
txn_100037,25587.43,809,8,1,0,0,net_banking,14,0
txn_100038,15176.85,122,1,0,0,0,upi,11,0
txn_100039,559.02,30,0,0,0,0,credit_card,14,0
txn_100040,1674.79,103,11,0,0,0,debit_card,18,0
txn_100041,621.49,59,0,0,0,0,debit_card,9,0
txn_100042,2359.21,9,1,0,0,0,credit_card,13,0
txn_100043,631.09,272,7,0,0,0,credit_card,21,0
txn_100044,118.28,10,2,0,0,0,credit_card,18,0
txn_100045,2237.02,9,3,0,0,0,net_banking,13,0
txn_100046,2949.91,9,1,0,0,0,credit_card,22,0
txn_100047,893.82,115,1,0,1,0,upi,19,0
txn_100048,3585.32,253,6,0,0,0,debit_card,12,0
txn_100049,987.9,73,3,1,1,0,credit_card,10,0
txn_100050,2057.4,397,0,0,0,1,upi,14,0
txn_100051,1250.83,201,0,0,0,0,credit_card,16,0
txn_100052,2362.35,114,4,0,0,0,credit_card,18,0
txn_100053,2228.74,53,3,0,0,0,credit_card,12,0
txn_100054,3168.73,39,0,0,1,0,debit_card,12,0
txn_100055,1299.68,371,4,0,0,0,wallet,9,0
txn_100056,551.64,296,2,0,0,0,debit_card,7,0
txn_100057,756.09,12,1,0,0,0,debit_card,17,0
txn_100058,3927.78,4,4,0,0,0,upi,17,0
txn_100059,16135.65,156,7,0,0,0,upi,21,0
txn_100060,1089.16,80,3,0,1,0,credit_card,11,0
txn_100061,14174.65,340,30,12,0,0,credit_card,15,1
txn_100062,786.1,1057,13,0,0,0,net_banking,12,0
txn_100063,3928.82,537,2,0,1,0,net_banking,19,1
txn_100064,320.76,126,3,0,0,0,debit_card,21,0
txn_100065,830.26,38,3,0,0,0,credit_card,21,0
txn_100066,2646.37,14,3,0,0,0,debit_card,13,0
txn_100067,2911.94,395,6,0,0,0,credit_card,18,0
txn_100068,3710.69,209,2,0,0,0,credit_card,10,0
txn_100069,4825.8,62,6,0,0,0,credit_card,22,0
txn_100070,511.33,87,2,0,0,0,credit_card,12,0
txn_100071,17345.89,385,23,9,0,0,upi,8,1
txn_100072,1004.97,20,1,0,0,0,upi,10,0
txn_100073,481.75,189,1,0,0,0,credit_card,15,0
txn_100074,2300.72,805,1,0,1,0,credit_card,11,0
txn_100075,1875.68,13,1,0,0,0,upi,11,0
txn_100076,2390.47,3,2,0,0,1,upi,5,0
txn_100077,382.7,14,2,0,0,0,debit_card,21,0
txn_100078,1158.83,328,5,0,0,1,upi,10,0
txn_100079,4473.22,106,0,0,0,0,credit_card,13,0
txn_100080,1882.48,101,4,1,0,0,net_banking,10,0
txn_100081,799.38,447,0,0,0,0,debit_card,8,0
txn_100082,2590.92,7,2,0,0,0,net_banking,11,0
txn_100083,29687.06,7,3,0,0,0,upi,14,0
txn_100084,851.53,178,3,0,0,0,upi,11,0
txn_100085,2248.05,178,8,1,0,0,credit_card,10,0
txn_100086,2763.34,149,6,0,0,0,upi,18,0
txn_100087,1683.16,79,26,1,1,0,debit_card,20,0
txn_100088,519.72,2,3,0,0,0,upi,8,0
txn_100089,5928.79,204,0,0,0,0,credit_card,14,0
txn_100090,908.25,6,2,0,1,0,credit_card,8,0
txn_100091,1816.21,161,1,0,0,0,debit_card,21,0
txn_100092,386.65,82,0,0,0,0,credit_card,16,0
txn_100093,1043.89,61,5,0,0,1,net_banking,19,0
txn_100094,1011.32,11,2,0,1,0,wallet,8,0
txn_100095,621.15,123,1,0,0,0,upi,6,0
txn_100096,1776.16,114,0,0,0,0,credit_card,17,0
txn_100097,2377.97,81,0,0,0,0,credit_card,15,0
txn_100098,922.01,213,5,1,0,0,debit_card,16,0
txn_100099,447.82,37,6,0,0,0,debit_card,8,0
txn_100100,191.29,29,0,0,0,0,credit_card,19,0
txn_100101,849.06,201,0,0,0,1,wallet,17,0
txn_100102,14342.96,170,4,0,0,0,debit_card,14,0
txn_100103,1046.37,176,2,0,0,1,net_banking,20,0
txn_100104,2003.87,126,9,0,0,0,upi,15,0
txn_100105,218.41,314,0,0,0,0,debit_card,16,0
txn_100106,5012.68,103,0,0,0,0,credit_card,16,0
txn_100107,571.42,358,4,0,0,0,credit_card,19,0
txn_100108,4323.83,332,2,0,0,1,credit_card,21,0
txn_100109,302.45,53,2,0,0,1,credit_card,18,0
txn_100110,2372.77,46,2,0,0,0,upi,18,0
txn_100111,287.96,3,4,0,0,0,debit_card,11,0
txn_100112,636.25,625,4,0,1,0,net_banking,11,0
txn_100113,508.81,439,11,0,0,0,debit_card,13,0
txn_100114,717.49,30,0,0,0,0,credit_card,6,0
txn_100115,2843.47,335,3,1,0,0,net_banking,16,0
txn_100116,622.25,63,4,0,1,0,debit_card,2,0
txn_100117,788.95,2,2,0,0,0,wallet,15,0
txn_100118,1013.65,18,5,0,0,0,upi,18,0
txn_100119,1960.49,23,0,0,0,0,upi,17,0
txn_100120,147.58,12,1,0,0,0,debit_card,11,0
txn_100121,1864.66,5,3,0,0,0,credit_card,22,0
txn_100122,1555.68,479,5,0,0,0,credit_card,8,0
txn_100123,2004.74,121,2,1,0,0,wallet,11,0
txn_100124,1869.58,29,6,2,1,0,upi,14,0
txn_100125,958.7,10,1,0,0,0,debit_card,8,0
txn_100126,1838.86,82,0,0,0,0,credit_card,16,0
txn_100127,229.69,55,23,9,0,0,upi,15,0
txn_100128,3941.54,45,0,0,0,0,wallet,19,0
txn_100129,1651.65,95,16,0,1,0,wallet,18,0
txn_100130,1997.31,327,4,0,0,0,debit_card,18,0
txn_100131,3872.9,379,1,0,0,0,net_banking,20,0
txn_100132,1465.17,196,1,0,0,0,debit_card,10,0
txn_100133,845.2,89,3,0,0,0,credit_card,22,0
txn_100134,955.87,222,0,0,0,0,credit_card,16,0
txn_100135,541.49,253,3,0,0,0,credit_card,7,0
txn_100136,2041.45,112,0,0,0,0,net_banking,15,0
txn_100137,512.47,124,0,0,0,0,upi,17,0
txn_100138,540.62,1,3,0,0,0,credit_card,16,0
txn_100139,1837.36,275,14,0,0,0,credit_card,9,0
txn_100140,3555.97,22,0,0,0,0,net_banking,12,0
txn_100141,1796.71,347,2,0,0,0,credit_card,17,0
txn_100142,4085.52,301,0,0,0,0,upi,19,0
txn_100143,339.91,172,3,0,0,1,net_banking,8,1
txn_100144,2205.79,44,5,0,0,1,credit_card,10,0
txn_100145,945.97,149,9,0,0,0,upi,19,0
txn_100146,823.53,582,11,0,0,0,debit_card,14,0
txn_100147,621.3,245,3,0,0,0,credit_card,11,0
txn_100148,650.74,120,0,0,0,0,upi,9,0
txn_100149,2342.92,64,4,0,0,0,upi,9,0
txn_100150,9680.42,45,2,0,0,0,upi,21,0
txn_100151,2902.75,152,8,0,1,0,upi,10,0
txn_100152,484.03,76,3,0,0,0,debit_card,21,0
txn_100153,655.83,53,2,0,1,0,credit_card,17,0
txn_100154,1037.97,198,1,0,0,0,credit_card,11,0
txn_100155,783.17,12,1,0,0,1,credit_card,12,0
txn_100156,2113.57,420,0,0,0,0,upi,10,0
txn_100157,4469.15,11,4,0,0,0,upi,16,0
txn_100158,101.63,150,0,0,0,0,credit_card,15,0
txn_100159,3580.86,119,2,0,1,0,debit_card,16,0
txn_100160,426.71,81,4,0,0,1,net_banking,5,0
txn_100161,333.05,276,9,0,0,0,credit_card,20,0
txn_100162,11161.57,104,15,0,0,0,upi,11,0
txn_100163,1981.53,513,6,0,0,0,credit_card,7,0
txn_100164,2866.67,215,0,0,0,0,upi,19,0
txn_100165,6103.9,63,3,1,0,0,wallet,15,0
txn_100166,2285.89,161,0,0,0,0,credit_card,12,0
txn_100167,2235.48,148,1,0,0,0,credit_card,18,0
txn_100168,635.13,163,0,0,0,0,upi,8,0
txn_100169,828.74,4,1,0,0,0,debit_card,14,0
txn_100170,490.47,581,0,0,0,0,upi,13,0
txn_100171,1393.21,69,0,0,0,0,upi,21,0
txn_100172,809.27,163,1,0,0,0,credit_card,13,0
txn_100173,1967.04,206,6,2,0,0,upi,10,0
txn_100174,1606.21,462,0,0,1,0,net_banking,17,0
txn_100175,325.04,347,0,0,0,0,upi,17,0
txn_100176,5357.55,135,9,0,0,0,upi,11,0
txn_100177,4968.12,29,1,0,0,0,upi,20,0
txn_100178,932.69,6,1,0,0,0,upi,16,0
txn_100179,3103.28,8,4,1,1,0,net_banking,16,1
txn_100180,5196.24,82,2,0,0,0,upi,17,0
txn_100181,5673.91,257,0,0,0,0,credit_card,11,0
txn_100182,643.76,186,6,0,0,0,debit_card,17,0
txn_100183,880.73,9,1,0,0,0,credit_card,13,0
txn_100184,936.8,4,1,0,0,0,debit_card,8,0
txn_100185,370.76,178,6,2,0,0,debit_card,10,0
txn_100186,881.24,4,2,0,0,0,credit_card,21,0
txn_100187,1242.33,187,0,0,0,0,credit_card,20,0
txn_100188,2380.19,327,1,0,0,0,wallet,22,0
txn_100189,1563.44,136,1,0,0,0,wallet,10,0
txn_100190,1093.15,11,4,0,1,0,upi,17,0
txn_100191,530.77,67,1,0,0,0,debit_card,21,0
txn_100192,168.1,296,3,1,1,0,upi,10,0
txn_100193,373.9,201,0,0,1,0,upi,16,0
txn_100194,640.13,5,2,0,0,0,net_banking,8,0
txn_100195,435.65,92,2,0,0,0,credit_card,12,0
txn_100196,1020.42,13,2,0,0,0,debit_card,22,0
txn_100197,1962.45,51,0,0,0,0,debit_card,13,0
txn_100198,6261.77,12,1,0,0,0,credit_card,20,0
txn_100199,2030.68,178,1,0,0,0,credit_card,16,0
txn_100200,848.02,1,3,1,0,0,debit_card,13,0
txn_100201,649.85,467,0,0,0,0,net_banking,21,0
txn_100202,5698.91,6,4,0,0,0,debit_card,8,0
txn_100203,631.57,77,0,0,0,0,upi,15,0
txn_100204,1749.18,12,4,0,0,0,upi,11,0
txn_100205,374.03,4,4,0,0,0,debit_card,12,0
txn_100206,663.76,47,0,0,1,0,credit_card,15,0
txn_100207,351.01,76,7,2,0,0,upi,13,0
txn_100208,735.46,278,4,0,0,0,net_banking,20,0
txn_100209,10220.67,196,6,0,0,0,credit_card,19,0
txn_100210,1294.01,165,4,1,0,0,credit_card,21,0
txn_100211,117.2,880,8,0,0,0,net_banking,9,0
txn_100212,406.89,231,4,0,1,0,debit_card,14,1
txn_100213,8253.09,38,2,0,0,0,credit_card,20,0
txn_100214,413.84,266,0,0,0,0,upi,17,0
txn_100215,1676.6,223,13,0,0,0,credit_card,16,0
txn_100216,2780.28,525,3,0,0,1,net_banking,22,0
txn_100217,1684.95,7,1,0,0,0,debit_card,12,0
txn_100218,541.86,571,0,0,1,0,debit_card,17,0
txn_100219,333.23,232,3,0,1,0,wallet,9,0
txn_100220,2561.42,274,1,0,0,1,credit_card,14,0
txn_100221,5647.15,81,0,0,0,0,credit_card,21,0
txn_100222,743.26,244,6,0,1,0,credit_card,14,0
txn_100223,1979.9,679,2,0,0,0,credit_card,8,0
txn_100224,1358.66,61,7,1,0,0,credit_card,22,0
txn_100225,1826.22,240,1,0,0,0,credit_card,17,0
txn_100226,385.96,8,3,0,0,1,credit_card,16,0
txn_100227,1771.22,127,5,0,0,0,credit_card,21,0
txn_100228,465.61,196,1,0,1,0,credit_card,15,0
txn_100229,4804.36,238,4,0,0,0,debit_card,17,0
txn_100230,1787.41,26,1,0,0,0,credit_card,14,0
txn_100231,2139.04,41,0,0,0,0,credit_card,12,0
txn_100232,2650.68,127,4,1,0,0,credit_card,11,0
txn_100233,397.2,218,2,0,1,0,upi,9,0
txn_100234,615.51,60,4,1,0,0,credit_card,23,0
txn_100235,2306.55,313,11,0,0,0,credit_card,5,0
txn_100236,3195.54,3,4,1,0,0,credit_card,13,0
txn_100237,981.41,4,2,0,0,1,credit_card,18,0
txn_100238,1555.29,90,1,0,0,0,upi,7,0
txn_100239,221.58,277,1,0,0,0,upi,19,0
txn_100240,392.57,350,6,2,0,0,credit_card,16,0
txn_100241,1449.38,341,0,0,1,0,credit_card,14,0
txn_100242,993.36,310,6,0,0,0,credit_card,8,0
txn_100243,3410.83,28,3,0,0,0,net_banking,19,0
txn_100244,473.63,49,0,0,0,0,credit_card,18,0
txn_100245,496.76,104,11,0,1,0,credit_card,17,0
txn_100246,2282.32,214,0,0,0,0,credit_card,19,0
txn_100247,4321.13,7,4,0,1,0,net_banking,17,0
txn_100248,529.94,1,4,0,0,0,credit_card,16,0
txn_100249,2735.12,20,0,0,0,0,upi,18,0
txn_100250,2675.62,74,0,0,0,0,credit_card,17,0
txn_100251,383.55,0,1,0,0,0,debit_card,17,0
txn_100252,3442.15,51,2,0,0,0,debit_card,9,0
txn_100253,791.58,10,2,0,0,0,wallet,17,0
txn_100254,801.78,63,7,0,0,0,upi,16,0
txn_100255,2310.06,49,2,0,0,0,upi,11,0
txn_100256,1005.57,27,1,0,0,1,upi,16,0
txn_100257,358.47,2,1,0,1,0,debit_card,12,0
txn_100258,1595.25,134,1,0,0,0,credit_card,20,0
txn_100259,877.84,7,4,1,0,0,credit_card,18,0
txn_100260,1600.35,249,2,0,0,0,upi,15,0
txn_100261,2679.11,142,2,0,0,0,debit_card,17,0
txn_100262,1298.21,5,4,0,0,0,credit_card,19,0
txn_100263,396.72,0,2,0,0,0,debit_card,3,0
txn_100264,8117.77,16,3,0,0,0,upi,18,0
txn_100265,1235.24,358,1,0,0,0,debit_card,17,0
txn_100266,1702.76,202,0,0,1,0,upi,20,0
txn_100267,929.41,416,5,0,0,0,upi,17,0
txn_100268,707.1,1091,1,0,0,0,credit_card,18,0
txn_100269,3868.43,131,1,0,0,0,credit_card,9,0
txn_100270,290.67,274,1,0,0,0,debit_card,20,0
txn_100271,2196.08,127,3,0,0,0,credit_card,12,0
txn_100272,612.03,41,3,0,0,0,credit_card,12,0
txn_100273,1219.71,25,5,0,0,0,credit_card,16,0
txn_100274,1110.74,620,0,0,0,1,credit_card,19,0
txn_100275,377.89,192,1,0,0,0,credit_card,6,0
txn_100276,1430.46,147,4,0,0,0,credit_card,21,0
txn_100277,2005.63,61,5,0,0,0,upi,13,0
txn_100278,1559.81,190,0,0,0,1,credit_card,14,0
txn_100279,315.16,232,0,0,0,0,debit_card,17,0
txn_100280,1403.59,427,1,0,0,0,upi,22,0
txn_100281,3069.04,46,4,0,1,0,net_banking,19,0
txn_100282,2135.81,1,1,0,0,0,credit_card,6,0
txn_100283,686.97,359,2,0,0,1,net_banking,17,0
txn_100284,6295.34,118,0,0,0,0,debit_card,22,0
txn_100285,5007.12,357,6,0,0,0,upi,8,0
txn_100286,1047.71,166,6,1,0,0,wallet,9,0
txn_100287,1214.67,6,3,0,0,0,debit_card,16,0
txn_100288,1508.89,89,0,0,0,0,credit_card,17,0
txn_100289,1741.7,162,7,0,1,0,credit_card,22,0
txn_100290,480.82,10,1,0,0,1,debit_card,12,0
txn_100291,1147.54,18,3,0,0,0,net_banking,16,0
txn_100292,2968.47,90,5,0,0,0,credit_card,18,0
txn_100293,3687.83,333,2,0,0,0,upi,18,0
txn_100294,650.94,54,5,0,0,0,upi,14,0
txn_100295,1334.28,41,0,0,0,0,debit_card,15,0
txn_100296,224.24,9,3,0,0,0,upi,11,0
txn_100297,2312.43,77,3,1,0,0,credit_card,18,0
txn_100298,1755.02,3,3,1,0,0,credit_card,15,0
txn_100299,1686.63,272,11,4,0,0,credit_card,20,0
txn_100300,254.5,19,0,0,0,0,credit_card,11,0
txn_100301,2298.95,77,8,3,0,0,credit_card,15,0
txn_100302,432.23,227,2,0,0,1,credit_card,16,0
txn_100303,3397.45,333,3,0,0,0,debit_card,22,0
txn_100304,842.58,254,0,0,0,1,debit_card,21,1
txn_100305,4137.46,178,7,0,0,0,upi,12,0
txn_100306,2265.99,1,4,0,0,0,credit_card,11,0
txn_100307,1962.66,130,4,0,0,0,upi,16,0
txn_100308,913.01,84,1,0,0,0,debit_card,6,0
txn_100309,1536.75,8,2,0,0,0,upi,10,0
txn_100310,776.14,258,0,0,0,1,upi,6,0
txn_100311,1654.07,4,2,0,0,0,credit_card,13,0
txn_100312,2832.08,11,1,0,0,0,credit_card,17,0
txn_100313,478.51,485,0,0,0,0,upi,19,0
txn_100314,1612.11,195,3,0,0,0,credit_card,13,0
txn_100315,752.57,46,6,0,0,0,debit_card,15,0
txn_100316,439.7,1,3,0,0,0,upi,20,0
txn_100317,650.98,187,3,0,0,0,credit_card,19,0
txn_100318,680.56,73,1,0,0,0,debit_card,10,0
txn_100319,401.54,367,1,0,1,1,debit_card,5,0
txn_100320,5426.26,175,3,0,0,0,credit_card,18,0
txn_100321,1375.61,127,2,0,0,0,upi,18,0
txn_100322,1287.27,9,2,0,0,0,upi,15,0
txn_100323,1729.72,464,13,5,0,0,debit_card,10,0
txn_100324,3911.3,205,1,0,0,0,debit_card,14,0
txn_100325,1773.93,41,0,0,0,0,credit_card,11,0
txn_100326,1285.06,133,0,0,0,1,credit_card,16,0
txn_100327,1507.47,22,1,0,0,0,upi,20,0
txn_100328,440.51,544,2,0,0,0,upi,19,0
txn_100329,2267.84,70,2,0,0,0,credit_card,15,0
txn_100330,1632.79,330,9,2,0,0,credit_card,14,0
txn_100331,2169.11,331,1,0,0,0,debit_card,18,0
txn_100332,4574.32,444,2,0,0,0,credit_card,20,0
txn_100333,1440.1,11,4,1,0,0,credit_card,13,0
txn_100334,1732.4,153,19,0,0,0,debit_card,13,0
txn_100335,592.31,80,5,2,0,0,net_banking,8,0
txn_100336,2340.51,305,0,0,0,0,upi,19,0
txn_100337,748.92,31,3,1,0,0,debit_card,18,0
txn_100338,1970.59,323,0,0,0,0,credit_card,5,0
txn_100339,2611.11,62,2,0,1,0,net_banking,15,0
txn_100340,373.72,172,1,0,0,1,credit_card,15,0
txn_100341,397.45,89,1,0,0,0,wallet,16,0
txn_100342,1190.56,600,3,0,0,0,upi,10,0
txn_100343,821.83,110,4,0,1,0,upi,8,0
txn_100344,3080.78,93,11,4,0,0,credit_card,11,0
txn_100345,486.25,13,2,0,1,0,debit_card,0,0
txn_100346,1001.75,354,9,1,0,0,net_banking,11,0
txn_100347,3247.78,25,3,0,0,0,debit_card,9,0
txn_100348,2065.58,16,0,0,0,0,credit_card,11,0
txn_100349,574.1,90,2,0,0,0,debit_card,22,0
txn_100350,3850.16,244,7,0,0,0,upi,10,0
txn_100351,1471.4,355,6,0,0,1,credit_card,9,0
txn_100352,750.08,343,3,0,0,0,upi,16,0
txn_100353,3769.11,154,1,0,0,0,credit_card,11,0
txn_100354,981.06,2,4,0,0,0,upi,18,0
txn_100355,2977.8,408,2,0,1,0,upi,21,0
txn_100356,1123.55,2,4,0,0,0,wallet,8,0
txn_100357,3170.87,14,2,0,0,0,upi,5,0
txn_100358,307.49,85,3,0,0,0,debit_card,16,0
txn_100359,1013.63,392,3,0,0,1,credit_card,13,0
txn_100360,850.56,8,1,0,0,0,credit_card,14,0
txn_100361,1468.12,0,4,0,0,0,upi,10,0
txn_100362,4435.46,145,4,0,0,0,debit_card,20,0
txn_100363,1719.4,197,3,0,0,0,credit_card,22,0
txn_100364,2115.52,7,2,0,0,0,upi,23,0
txn_100365,384.15,87,0,0,0,0,upi,9,0
txn_100366,2000.22,12,2,0,0,0,credit_card,18,0
txn_100367,1285.2,38,1,0,0,0,upi,12,0
txn_100368,1218.58,37,1,0,0,0,credit_card,22,0
txn_100369,2828.14,5,1,0,0,0,upi,12,0
txn_100370,675.35,18,1,0,0,0,upi,10,0
txn_100371,171.25,252,9,1,0,0,upi,15,0
txn_100372,1791.32,141,3,0,0,0,credit_card,15,0
txn_100373,624.69,185,0,0,0,1,upi,9,0
txn_100374,1915.95,7,4,0,0,1,credit_card,18,1
txn_100375,1168.44,206,1,0,0,0,upi,19,0
txn_100376,537.61,1,1,0,0,0,upi,16,0
txn_100377,6807.89,162,3,1,0,0,credit_card,10,0
txn_100378,960.13,45,19,0,0,0,upi,12,0
txn_100379,1814.71,99,1,0,0,0,wallet,16,0
txn_100380,901.28,79,7,0,0,0,net_banking,15,0
txn_100381,1245.75,32,1,0,0,0,debit_card,16,0
txn_100382,2314.1,5,1,0,1,0,credit_card,19,0
txn_100383,312.89,396,0,0,0,0,upi,21,0
txn_100384,1415.6,25,3,0,0,1,upi,13,0
txn_100385,732.04,141,2,0,0,0,debit_card,11,0
txn_100386,2920.2,230,0,0,0,0,debit_card,23,0
txn_100387,2518.94,4,1,0,0,0,credit_card,16,0
txn_100388,1206.58,805,0,0,0,0,credit_card,18,0
txn_100389,470.23,0,2,1,0,0,debit_card,3,0
txn_100390,1405.93,56,2,0,0,0,credit_card,20,0
txn_100391,292.14,26,1,0,1,0,credit_card,20,0
txn_100392,6755.12,18,1,0,0,0,debit_card,16,0
txn_100393,1855.44,7,1,0,0,0,upi,2,0
txn_100394,926.2,79,1,0,0,1,debit_card,11,0
txn_100395,478.1,207,12,1,0,0,debit_card,13,0
txn_100396,260.88,122,3,1,0,0,upi,15,0
txn_100397,3441.28,684,3,1,0,0,upi,18,0
txn_100398,354.72,110,8,3,0,0,credit_card,18,0
txn_100399,779.69,165,4,0,0,0,upi,14,0
txn_100400,1319.08,6,2,1,0,1,credit_card,13,0
txn_100401,1308.97,270,2,0,0,0,upi,18,0
txn_100402,1565.07,167,4,0,0,0,credit_card,23,0
txn_100403,1610.2,254,3,0,0,0,upi,11,0
txn_100404,1142.65,467,0,0,0,0,debit_card,20,0
txn_100405,349.79,85,9,0,1,0,upi,18,0
txn_100406,3197.56,32,0,0,0,0,wallet,16,0
txn_100407,623.69,23,8,0,0,0,credit_card,12,0
txn_100408,1329.68,76,6,0,0,0,debit_card,13,0
txn_100409,1623.33,65,3,1,0,0,credit_card,20,0
txn_100410,1145.93,78,4,0,0,0,debit_card,22,0
txn_100411,2470.59,21,9,0,0,1,debit_card,9,0
txn_100412,760.22,111,0,0,0,0,debit_card,8,0
txn_100413,2338.58,294,7,0,0,0,credit_card,16,0
txn_100414,377.93,137,4,1,1,0,credit_card,20,0
txn_100415,747.12,111,4,0,0,0,credit_card,12,0
txn_100416,874.62,36,3,0,0,0,net_banking,14,0
txn_100417,1240.61,2,3,0,0,0,upi,12,0
txn_100418,319.83,153,6,0,0,0,credit_card,13,0
txn_100419,879.01,9,3,1,0,0,credit_card,20,0
txn_100420,1403.85,79,1,0,0,0,credit_card,14,0
txn_100421,1094.07,14,3,0,0,0,net_banking,17,0
txn_100422,2672.29,125,0,0,0,0,debit_card,8,0
txn_100423,6735.74,8,1,0,0,0,credit_card,11,0
txn_100424,883.04,215,0,0,0,0,credit_card,15,0
txn_100425,4032.04,531,0,0,0,0,debit_card,7,0
txn_100426,1100.31,24,1,0,0,0,upi,16,0
txn_100427,2357.86,239,14,0,1,0,upi,8,0
txn_100428,563.76,276,0,0,0,0,credit_card,10,0
txn_100429,790.02,369,0,0,1,0,upi,11,0
txn_100430,804.61,142,0,0,0,1,credit_card,14,0
txn_100431,22824.28,3,4,0,0,0,upi,14,0
txn_100432,1758.61,63,10,1,1,0,credit_card,8,0
txn_100433,2169.81,108,3,0,0,1,credit_card,9,0
txn_100434,4317.58,313,2,0,0,0,upi,12,0
txn_100435,4495.86,80,16,0,0,0,debit_card,20,0
txn_100436,1450.57,14,3,0,0,0,upi,13,0
txn_100437,1646.49,101,2,0,0,0,debit_card,11,0
txn_100438,2606.53,0,4,0,0,0,debit_card,19,0
txn_100439,1383.61,50,2,0,0,1,debit_card,18,0
txn_100440,1513.18,485,0,0,0,0,debit_card,22,0
txn_100441,661.8,149,2,0,0,0,wallet,8,0
txn_100442,467.84,82,6,0,0,0,credit_card,12,0
txn_100443,2831.22,47,1,0,0,0,debit_card,17,0
txn_100444,1303.82,19,0,0,0,0,upi,11,0
txn_100445,1978.13,181,0,0,0,0,credit_card,15,0
txn_100446,3063.97,630,7,0,0,0,upi,10,0
txn_100447,2092.72,200,0,0,0,0,upi,18,0
txn_100448,1279.35,235,8,0,0,0,credit_card,15,0
txn_100449,370.53,8,3,0,0,0,debit_card,14,0
txn_100450,1587.88,10,3,1,0,0,upi,19,0
txn_100451,2083.19,1,3,0,1,1,net_banking,17,0
txn_100452,1929.59,197,7,0,0,0,upi,10,0
txn_100453,602.17,4,4,0,0,0,upi,11,0
txn_100454,182.36,26,0,0,1,0,credit_card,13,0
txn_100455,2277.41,8,1,0,1,1,debit_card,11,0
txn_100456,1894.02,44,4,0,0,0,debit_card,14,0
txn_100457,1425.34,292,12,0,0,0,credit_card,12,0
txn_100458,324.57,202,1,0,0,0,debit_card,22,0
txn_100459,1117.07,104,2,0,0,0,debit_card,14,0
txn_100460,1837.49,81,2,1,1,0,credit_card,9,0
txn_100461,11926.96,125,0,0,0,0,credit_card,9,0
txn_100462,672.4,465,0,0,0,0,debit_card,10,0
txn_100463,1310.34,35,0,0,0,0,upi,22,0
txn_100464,1534.5,685,7,0,0,0,credit_card,9,0
txn_100465,374.57,160,0,0,1,0,upi,19,0
txn_100466,777.89,16,4,0,0,0,upi,10,0
txn_100467,7606.46,110,0,0,0,0,wallet,17,0
txn_100468,843.44,15,3,0,0,0,debit_card,14,0
txn_100469,1276.7,0,1,0,0,0,credit_card,19,0
txn_100470,300.79,11,2,0,1,0,upi,16,0
txn_100471,2977.58,10,1,0,0,0,credit_card,20,0
txn_100472,1180.47,25,3,0,0,0,upi,22,0
txn_100473,1552.11,11,1,0,0,0,net_banking,16,0
txn_100474,3940.41,185,21,3,0,1,debit_card,20,0
txn_100475,1172.82,60,18,7,1,0,debit_card,19,0
txn_100476,1467.68,64,5,0,0,0,credit_card,14,0
txn_100477,986.74,366,8,0,0,0,upi,0,0
txn_100478,1433.49,226,5,2,0,0,upi,8,0
txn_100479,776.76,25,1,0,0,0,upi,9,0
txn_100480,5881.17,203,8,3,0,0,credit_card,11,0
txn_100481,841.24,26,2,0,0,0,net_banking,14,0
txn_100482,470.72,227,0,0,0,1,credit_card,9,0
txn_100483,1459.28,3,3,0,0,0,credit_card,14,0
txn_100484,2829.25,26,11,4,0,0,upi,14,0
txn_100485,1153.06,158,9,0,0,0,wallet,18,0
txn_100486,2116.56,124,14,5,0,0,credit_card,6,0
txn_100487,1039.86,4,1,0,0,0,debit_card,9,0
txn_100488,1338.02,108,2,0,0,0,debit_card,17,0
txn_100489,4844.64,643,5,0,1,0,credit_card,17,0
txn_100490,3463.25,9,1,0,0,0,credit_card,21,0
txn_100491,7120.57,8,1,0,0,0,debit_card,7,0
txn_100492,1116.56,241,0,0,0,0,debit_card,16,0
txn_100493,1060.27,258,0,0,0,0,upi,13,0
txn_100494,1420.52,42,10,1,1,0,net_banking,13,0
txn_100495,672.72,268,1,0,0,0,debit_card,15,0
txn_100496,1185.04,12,3,0,0,0,credit_card,18,0
txn_100497,888.16,179,2,0,0,0,credit_card,15,0
txn_100498,491.79,46,8,0,1,0,upi,22,0
txn_100499,595.59,198,3,0,0,0,credit_card,19,0
txn_100500,849.03,230,1,1,0,0,debit_card,12,0
txn_100501,1381.62,2,1,0,1,0,net_banking,14,0
txn_100502,5976.13,320,5,0,0,0,credit_card,9,0
txn_100503,820.64,81,0,0,1,0,debit_card,10,0
txn_100504,794.83,176,0,0,0,1,credit_card,9,0
txn_100505,1756.96,55,0,0,0,0,debit_card,12,0
txn_100506,1350.37,185,6,0,0,0,credit_card,18,1
txn_100507,1176.94,479,0,0,0,0,upi,22,0
txn_100508,2412.92,109,2,0,0,0,debit_card,6,0
txn_100509,1041.1,4,4,0,0,0,credit_card,7,0
txn_100510,1320.27,219,2,0,1,0,upi,22,0
txn_100511,1029.95,48,0,0,0,0,credit_card,13,0
txn_100512,2424.38,276,6,0,0,0,wallet,15,0
txn_100513,1311.08,38,11,0,1,1,upi,22,0
txn_100514,1649.77,44,0,0,0,0,upi,10,0
txn_100515,239.69,69,3,0,0,0,debit_card,20,0
txn_100516,2506.28,2,3,1,0,0,credit_card,18,0
txn_100517,1502.25,160,3,0,0,0,wallet,16,0
txn_100518,2977.84,84,5,0,0,0,debit_card,23,0
txn_100519,442.61,3,1,0,0,0,credit_card,12,0
txn_100520,3118.42,166,4,1,0,0,credit_card,8,0
txn_100521,1304.05,56,4,0,0,0,debit_card,20,0
txn_100522,948.9,153,22,1,0,0,upi,16,0
txn_100523,1456.39,165,1,0,0,0,debit_card,15,0
txn_100524,987.06,191,0,0,1,0,net_banking,16,0
txn_100525,599.69,259,3,0,0,0,upi,7,0
txn_100526,6786.94,64,7,0,0,1,credit_card,13,0
txn_100527,1742.49,68,0,0,0,0,upi,14,0
txn_100528,628.33,202,6,2,0,1,upi,19,0
txn_100529,959.97,82,12,0,0,0,upi,19,0
txn_100530,234.08,139,3,0,0,0,credit_card,19,0
txn_100531,2212.55,103,2,0,0,0,debit_card,20,0
txn_100532,359.42,231,2,0,0,0,credit_card,18,0
txn_100533,3754.02,14,1,0,0,0,credit_card,17,0
txn_100534,1437.39,223,2,0,0,0,credit_card,8,0
txn_100535,2593.62,3,4,1,0,0,upi,11,0
txn_100536,856.52,136,10,0,0,0,credit_card,16,0
txn_100537,2418.98,123,6,1,0,0,debit_card,8,0
txn_100538,1745.47,277,3,0,0,0,upi,11,0
txn_100539,605.09,304,0,0,0,0,net_banking,10,0
txn_100540,10924.35,202,14,0,0,1,upi,16,0
txn_100541,1488.18,48,2,0,0,0,credit_card,21,0
txn_100542,972.47,261,0,0,0,0,upi,10,0
txn_100543,1211.12,20,3,1,1,0,credit_card,17,0
txn_100544,2186.64,236,0,0,1,0,credit_card,21,0
txn_100545,2446.55,630,0,0,0,0,credit_card,13,0
txn_100546,1584.46,162,2,0,0,0,debit_card,9,0
txn_100547,1279.51,2,3,1,0,0,credit_card,19,0
txn_100548,187.58,118,2,0,0,0,debit_card,10,0
txn_100549,380.3,7,4,0,0,1,credit_card,18,0
txn_100550,2556.46,351,0,0,0,0,credit_card,15,0
txn_100551,1470.83,173,2,0,0,1,credit_card,11,0
txn_100552,23373.72,5,3,1,0,0,debit_card,17,0
txn_100553,337.96,86,30,4,0,0,credit_card,19,0
txn_100554,575.59,180,1,0,0,0,upi,11,0
txn_100555,1306.49,38,6,0,0,0,credit_card,13,0
txn_100556,547.62,103,0,0,0,0,credit_card,17,0
txn_100557,2901.73,666,5,0,0,1,debit_card,8,0
txn_100558,2011.78,761,1,0,1,1,credit_card,8,0
txn_100559,8244.47,10,3,0,0,1,upi,14,0
txn_100560,864.89,23,1,0,0,0,credit_card,22,0
txn_100561,429.3,2,4,1,0,1,upi,14,0
txn_100562,2208.99,260,6,0,0,0,credit_card,12,0
txn_100563,6667.04,1,2,0,0,0,debit_card,17,0
txn_100564,2183.92,4,4,0,0,0,debit_card,14,0
txn_100565,209.06,65,1,1,0,0,wallet,20,0
txn_100566,713.14,160,2,0,0,0,net_banking,11,0
txn_100567,988.7,9,4,0,0,0,debit_card,14,0
txn_100568,1103.15,129,3,1,0,0,upi,9,0
txn_100569,6458.82,593,5,0,0,0,credit_card,18,0
txn_100570,471.09,3,4,0,0,1,credit_card,20,0
txn_100571,4096.04,13,1,0,0,0,credit_card,11,0
txn_100572,2969.48,23,0,0,0,0,upi,18,0
txn_100573,2424.12,124,0,0,0,0,net_banking,19,0
txn_100574,637.7,10,3,0,0,0,debit_card,20,0
txn_100575,645.9,322,13,0,0,0,debit_card,8,0
txn_100576,1808.54,95,5,0,0,0,net_banking,20,0
txn_100577,4578.36,221,5,2,0,1,credit_card,22,0
txn_100578,377.39,12,3,0,0,0,credit_card,18,0
txn_100579,6542.15,4,2,0,0,0,upi,16,0
txn_100580,3724.2,315,8,1,0,0,upi,9,0
txn_100581,1582.94,32,5,1,0,0,credit_card,19,0
txn_100582,12848.81,141,1,0,1,0,credit_card,12,0
txn_100583,3493.09,747,3,0,0,0,upi,19,0
txn_100584,1394.59,6,3,0,0,0,credit_card,18,0
txn_100585,1172.26,0,2,0,0,0,debit_card,19,0
txn_100586,1149.15,197,2,0,0,0,net_banking,9,0
txn_100587,3972.51,262,12,1,1,0,credit_card,15,1
txn_100588,197.93,99,1,0,0,0,credit_card,12,0
txn_100589,3708.21,168,6,0,0,0,credit_card,17,0
txn_100590,1971.05,44,3,0,0,0,debit_card,22,0
txn_100591,9226.0,201,3,1,0,0,credit_card,22,0
txn_100592,1532.49,582,2,0,0,0,credit_card,19,0
txn_100593,857.5,408,3,0,0,0,credit_card,10,0
txn_100594,1465.96,101,0,0,0,0,wallet,17,0
txn_100595,2141.26,51,0,0,0,0,credit_card,21,0
txn_100596,3430.21,3,4,0,0,0,credit_card,14,0
txn_100597,1917.35,109,3,0,0,1,upi,10,0
txn_100598,3434.27,774,2,0,1,0,upi,11,0
txn_100599,3281.97,14,3,1,0,0,debit_card,15,0
txn_100600,805.1,164,0,0,0,0,credit_card,14,0
txn_100601,2054.33,83,1,0,0,0,credit_card,14,0
txn_100602,1779.01,11,4,0,0,0,credit_card,5,0
txn_100603,398.48,215,7,0,0,0,wallet,9,0
txn_100604,1052.35,0,3,1,0,0,credit_card,15,0
txn_100605,583.34,16,2,0,0,0,upi,16,0
txn_100606,2179.86,1,1,0,0,0,net_banking,0,0
txn_100607,3001.95,203,7,0,0,0,credit_card,18,0
txn_100608,5332.22,4,3,0,0,0,upi,23,0
txn_100609,2985.9,584,1,0,1,0,upi,16,0
txn_100610,604.88,66,1,0,0,0,credit_card,16,0
txn_100611,1530.38,7,1,0,0,0,upi,7,0
txn_100612,1650.03,9,1,0,0,0,upi,13,0
txn_100613,1171.16,191,2,0,0,0,upi,14,0
txn_100614,3296.87,1,2,0,0,0,upi,10,0
txn_100615,799.97,2,3,0,0,0,debit_card,16,0
txn_100616,1780.42,146,1,0,0,0,credit_card,21,0
txn_100617,1686.3,213,3,0,0,0,debit_card,19,0
txn_100618,2692.95,0,4,0,0,0,upi,19,0
txn_100619,818.33,329,0,0,0,0,net_banking,12,0
txn_100620,2234.55,4,2,0,0,0,credit_card,19,0
txn_100621,976.57,404,2,0,0,0,wallet,23,0
txn_100622,2352.62,27,1,0,0,0,net_banking,18,0
txn_100623,651.48,77,3,0,0,0,net_banking,10,0
txn_100624,341.31,211,5,2,0,0,credit_card,18,0
txn_100625,1215.92,576,4,0,0,0,debit_card,11,0
txn_100626,885.28,100,5,0,0,0,debit_card,16,0
txn_100627,2666.11,109,1,0,0,1,net_banking,11,0
txn_100628,856.63,29,0,0,0,0,credit_card,17,0
txn_100629,2588.92,278,3,0,0,0,net_banking,1,0
txn_100630,1043.23,290,3,2,0,0,wallet,20,0
txn_100631,494.99,57,3,0,0,0,credit_card,10,0
txn_100632,1124.47,57,1,0,0,0,debit_card,17,0
txn_100633,2166.18,6,3,0,0,1,credit_card,22,0
txn_100634,5997.86,303,1,0,0,0,credit_card,8,0
txn_100635,1457.38,420,4,1,0,0,credit_card,10,0
txn_100636,500.42,124,5,0,0,0,credit_card,14,0
txn_100637,6930.65,181,2,0,0,0,debit_card,19,0
txn_100638,1158.69,5,1,0,0,0,upi,19,0
txn_100639,1141.54,356,3,0,0,0,debit_card,13,0
txn_100640,1595.26,13,1,0,0,0,debit_card,18,0
txn_100641,1381.29,268,2,0,0,0,credit_card,17,0
txn_100642,3329.11,261,0,0,1,0,credit_card,18,0
txn_100643,3122.69,8,4,0,0,0,upi,16,0
txn_100644,1115.77,11,1,0,0,0,upi,20,0
txn_100645,2071.82,23,4,1,0,0,credit_card,0,0
txn_100646,1038.8,490,0,0,0,0,credit_card,10,0
txn_100647,3354.58,14,1,0,0,0,upi,17,0
txn_100648,843.8,115,1,0,0,0,debit_card,7,0
txn_100649,569.71,97,1,0,0,0,upi,21,0
txn_100650,642.46,32,1,0,0,0,upi,22,0
txn_100651,2005.85,0,4,0,0,0,wallet,11,0
txn_100652,6082.59,81,3,0,0,0,credit_card,17,0
txn_100653,659.65,819,0,0,0,0,credit_card,19,0
txn_100654,279.69,264,1,0,0,0,credit_card,17,0
txn_100655,817.42,101,0,0,0,1,credit_card,17,0
txn_100656,438.44,1,2,0,0,0,credit_card,10,0
txn_100657,739.91,80,1,0,0,0,upi,18,0
txn_100658,382.08,18,5,0,0,0,credit_card,14,0
txn_100659,1266.29,182,0,0,1,0,upi,15,0
txn_100660,912.6,649,4,0,0,0,credit_card,21,0
txn_100661,7229.87,581,1,0,0,0,upi,21,0
txn_100662,3710.89,0,1,0,0,0,net_banking,9,0
txn_100663,741.12,210,0,0,0,0,upi,22,0
txn_100664,544.43,390,4,0,0,0,credit_card,13,0
txn_100665,3434.27,31,1,0,0,0,upi,0,0
txn_100666,2768.35,33,2,0,0,0,upi,10,0
txn_100667,2430.92,122,0,0,0,0,credit_card,20,0
txn_100668,2649.29,191,1,0,1,1,credit_card,14,0
txn_100669,363.89,4,1,0,0,0,net_banking,14,0
txn_100670,2018.39,98,0,0,0,0,credit_card,14,0
txn_100671,330.08,409,8,0,0,0,debit_card,17,0
txn_100672,3665.33,209,4,0,0,0,credit_card,14,0
txn_100673,1202.42,92,4,0,0,0,credit_card,15,0
txn_100674,524.19,141,3,0,0,0,upi,11,0
txn_100675,436.27,209,5,0,0,0,credit_card,18,0
txn_100676,2009.95,214,6,0,0,0,upi,17,0
txn_100677,803.87,254,3,0,0,0,credit_card,8,0
txn_100678,524.55,260,7,0,1,1,debit_card,20,0
txn_100679,5222.96,96,2,0,1,1,net_banking,12,0
txn_100680,1855.55,59,1,0,0,0,debit_card,12,0
txn_100681,2468.05,13,2,0,0,1,upi,9,0
txn_100682,268.75,505,10,0,0,0,upi,21,0
txn_100683,614.39,6,3,0,0,0,upi,10,0
txn_100684,3388.74,40,6,2,0,0,debit_card,14,0
txn_100685,5703.87,12,1,0,0,0,wallet,9,0
txn_100686,2368.36,346,13,5,0,0,credit_card,12,0
txn_100687,717.42,11,1,0,0,0,upi,13,0
txn_100688,14553.48,7,2,0,0,0,upi,8,0
txn_100689,2092.53,1500,0,0,0,0,net_banking,15,0
txn_100690,1407.58,105,7,1,0,0,upi,22,0
txn_100691,1189.38,9,1,0,0,1,credit_card,18,0
txn_100692,843.53,4,4,2,0,0,debit_card,19,0
txn_100693,2517.63,169,17,0,0,0,upi,6,0
txn_100694,1637.9,13,3,0,0,1,credit_card,13,0
txn_100695,691.96,30,4,0,0,0,upi,17,0
txn_100696,1368.0,202,6,0,0,1,upi,8,0
txn_100697,1080.73,8,1,0,0,0,upi,11,0
txn_100698,392.44,60,8,1,0,0,upi,20,0
txn_100699,1032.37,423,5,0,0,0,debit_card,11,0
txn_100700,373.98,207,1,0,0,0,upi,13,0
txn_100701,1251.58,93,12,1,0,0,credit_card,20,0
txn_100702,3111.76,82,2,0,0,0,upi,14,0
txn_100703,2239.25,409,3,2,0,0,credit_card,23,0
txn_100704,371.83,1291,0,0,0,0,net_banking,10,0
txn_100705,4492.67,5,4,0,1,0,credit_card,15,0
txn_100706,1292.8,4,1,0,0,0,net_banking,22,0
txn_100707,1227.53,508,0,0,0,0,debit_card,1,0
txn_100708,1374.88,8,1,1,0,0,debit_card,13,0
txn_100709,2059.84,153,0,0,0,1,net_banking,18,0
txn_100710,1116.27,40,0,0,0,0,wallet,22,0
txn_100711,1847.48,138,5,0,0,0,credit_card,8,0
txn_100712,1808.77,2,3,0,0,0,credit_card,14,0
txn_100713,2069.98,2,3,0,0,0,upi,10,0
txn_100714,1345.34,232,19,2,0,0,debit_card,11,0
txn_100715,1632.41,0,1,0,0,0,credit_card,12,0
txn_100716,885.8,200,1,0,0,0,credit_card,0,0
txn_100717,565.3,75,2,0,0,0,credit_card,1,0
txn_100718,2400.35,87,6,0,0,0,debit_card,8,0
txn_100719,569.39,180,0,0,0,0,credit_card,14,0
txn_100720,498.86,45,4,0,0,0,upi,21,0
txn_100721,1347.64,497,3,1,0,0,credit_card,22,0
txn_100722,1484.81,137,0,0,0,0,debit_card,13,0
txn_100723,684.63,0,1,0,0,0,credit_card,10,0
txn_100724,533.28,48,0,0,0,0,net_banking,11,0
txn_100725,3916.33,66,0,0,0,0,credit_card,8,0
txn_100726,930.53,245,1,0,1,0,upi,11,0
txn_100727,2174.81,10,4,1,0,0,credit_card,14,0
txn_100728,9161.96,10,2,0,0,0,net_banking,8,0
txn_100729,419.03,13,2,0,0,0,upi,17,0
txn_100730,1558.25,6,1,0,0,0,credit_card,19,0
txn_100731,1634.95,12,1,0,0,0,credit_card,9,0
txn_100732,756.94,319,1,0,0,0,upi,8,0
txn_100733,371.33,340,0,0,0,0,net_banking,13,0
txn_100734,754.96,36,0,0,0,0,upi,9,0
txn_100735,1629.96,421,3,0,0,0,upi,17,0
txn_100736,1336.98,71,1,0,0,0,wallet,19,0
txn_100737,6591.77,7,4,0,0,0,credit_card,12,0
txn_100738,1316.53,93,14,2,0,0,upi,11,0
txn_100739,1773.56,152,1,0,0,0,upi,10,0
txn_100740,3130.6,55,2,0,1,0,upi,20,0
txn_100741,3107.89,43,7,0,1,0,credit_card,18,0
txn_100742,312.96,25,2,0,1,0,credit_card,8,0
txn_100743,197.94,44,5,2,0,0,debit_card,17,0
txn_100744,2923.78,0,1,0,0,0,debit_card,19,0
txn_100745,1164.72,237,14,2,0,0,debit_card,7,0
txn_100746,1596.9,686,4,0,0,0,credit_card,19,0
txn_100747,513.67,1,3,0,0,0,credit_card,1,0
txn_100748,1670.4,3,3,0,0,0,upi,6,0
txn_100749,983.94,16,2,0,0,0,credit_card,17,0
txn_100750,1359.6,141,0,0,0,0,net_banking,6,0
txn_100751,789.66,29,4,0,0,0,debit_card,18,0
txn_100752,2608.55,90,1,1,0,0,credit_card,23,0
txn_100753,145.49,165,6,0,0,0,credit_card,7,0
txn_100754,2448.27,28,17,0,0,0,net_banking,22,0
txn_100755,925.84,75,4,0,0,0,credit_card,17,0
txn_100756,2815.63,390,4,1,0,0,credit_card,8,0
txn_100757,2000.47,361,2,0,0,1,upi,21,0
txn_100758,909.28,55,22,1,0,0,debit_card,15,0
txn_100759,1005.66,3,4,0,0,0,debit_card,7,0
txn_100760,505.02,222,0,0,1,0,credit_card,18,0
txn_100761,149.63,214,0,0,0,0,upi,9,0
txn_100762,1895.75,131,4,0,0,0,debit_card,20,0
txn_100763,261.56,170,6,2,0,0,credit_card,14,0
txn_100764,4547.79,36,2,0,0,0,upi,17,0
txn_100765,4796.22,11,2,0,0,0,wallet,16,0
txn_100766,4582.41,17,8,3,0,0,credit_card,19,0
txn_100767,4520.47,88,1,0,0,0,upi,17,0
txn_100768,233.73,189,3,0,0,0,debit_card,17,0
txn_100769,2667.79,213,6,0,0,0,credit_card,22,0
txn_100770,4518.06,324,0,0,0,0,credit_card,20,0
txn_100771,1125.96,300,9,1,1,0,upi,15,0
txn_100772,1628.71,48,3,0,0,0,upi,16,0
txn_100773,1404.47,696,0,0,0,0,upi,19,0
txn_100774,6583.39,69,0,0,1,0,upi,16,0
txn_100775,467.29,470,5,0,0,0,credit_card,17,0
txn_100776,224.07,13,4,0,0,0,upi,17,0
txn_100777,633.14,7,2,0,0,0,credit_card,8,0
txn_100778,1712.53,134,2,0,0,0,credit_card,20,0
txn_100779,544.94,362,1,0,1,0,credit_card,9,0
txn_100780,2239.76,146,1,1,0,1,upi,9,0
txn_100781,795.24,1,3,0,0,0,credit_card,10,0
txn_100782,767.64,407,3,0,0,0,debit_card,20,0
txn_100783,2171.65,319,2,0,0,0,debit_card,20,0
txn_100784,4947.67,109,12,1,1,0,credit_card,19,0
txn_100785,1062.34,10,3,1,0,0,credit_card,16,0
txn_100786,859.53,1,2,0,0,0,upi,17,0
txn_100787,783.59,221,0,0,1,0,credit_card,11,0
txn_100788,1610.58,180,0,0,1,0,debit_card,0,0
txn_100789,289.38,6,1,0,1,1,upi,18,0
txn_100790,1520.66,107,3,0,0,0,upi,21,0
txn_100791,10132.54,34,1,0,0,0,net_banking,23,0
txn_100792,2196.83,69,11,0,0,0,credit_card,17,0
txn_100793,965.45,37,3,0,0,0,credit_card,14,0
txn_100794,1300.62,281,5,2,0,0,upi,18,0
txn_100795,782.04,7,2,0,0,0,net_banking,18,0
txn_100796,970.06,35,3,0,0,0,credit_card,12,0
txn_100797,2114.64,43,1,0,0,0,debit_card,15,0
txn_100798,3153.38,33,2,0,0,0,upi,15,0
txn_100799,910.08,3,1,0,0,0,credit_card,8,0
txn_100800,160.68,71,1,0,0,1,credit_card,21,0
txn_100801,1900.17,359,4,0,0,0,credit_card,14,0
txn_100802,2723.95,4,1,0,0,1,net_banking,14,0
txn_100803,1403.68,10,2,0,0,0,debit_card,12,0
txn_100804,925.43,67,1,0,0,0,net_banking,16,0
txn_100805,6733.37,249,0,0,0,0,upi,22,0
txn_100806,204.67,53,2,0,0,0,debit_card,21,0
txn_100807,1404.17,9,1,0,0,0,credit_card,8,1
txn_100808,2406.31,43,1,0,0,0,upi,2,0
txn_100809,495.83,176,2,0,1,0,net_banking,19,0
txn_100810,169.54,163,2,0,1,0,credit_card,17,0
txn_100811,1605.57,437,2,0,0,0,credit_card,13,0
txn_100812,4554.36,78,0,0,0,0,credit_card,15,0
txn_100813,952.85,223,2,0,0,1,upi,8,0
txn_100814,1632.43,293,3,0,1,0,credit_card,17,0
txn_100815,300.18,146,6,0,0,1,upi,17,0
txn_100816,1418.48,3,4,0,0,0,credit_card,12,0
txn_100817,1700.84,7,1,0,0,0,credit_card,8,0
txn_100818,3427.6,104,2,0,0,0,upi,17,0
txn_100819,1733.6,116,6,2,0,0,credit_card,14,0
txn_100820,1296.35,9,4,0,1,0,debit_card,5,0
txn_100821,567.88,16,8,1,0,0,credit_card,20,0
txn_100822,291.91,2,2,0,0,0,credit_card,9,0
txn_100823,2550.25,125,6,2,0,0,upi,13,0
txn_100824,1401.23,169,1,0,0,0,credit_card,20,0
txn_100825,1335.78,1,3,0,0,0,credit_card,20,0
txn_100826,1173.89,268,3,1,0,0,credit_card,17,0
txn_100827,2192.94,1,2,0,0,0,credit_card,9,0
txn_100828,1885.24,53,4,1,0,1,upi,16,0
txn_100829,1413.29,221,0,0,0,0,credit_card,20,0
txn_100830,6230.47,119,3,0,0,0,credit_card,16,0
txn_100831,3200.01,4,3,0,0,0,debit_card,11,0
txn_100832,2005.08,82,8,1,0,0,credit_card,12,0
txn_100833,391.64,275,5,2,1,0,upi,16,0
txn_100834,1036.77,311,2,0,1,0,net_banking,11,0
txn_100835,697.22,8,4,0,0,0,net_banking,4,0
txn_100836,7700.21,9,1,0,0,0,credit_card,18,0
txn_100837,1039.71,1,4,0,1,1,debit_card,18,0
txn_100838,889.45,23,0,0,0,0,credit_card,16,0
txn_100839,844.93,40,4,0,0,0,upi,12,0
txn_100840,827.87,11,3,1,0,0,debit_card,8,0
txn_100841,1308.83,556,9,1,0,0,credit_card,19,0
txn_100842,2046.17,230,0,0,0,1,credit_card,13,0
txn_100843,3257.23,4,1,0,1,0,credit_card,14,1
txn_100844,1052.31,155,3,0,0,0,debit_card,18,0
txn_100845,886.14,117,5,0,0,0,net_banking,11,0
txn_100846,5798.29,114,1,0,0,0,net_banking,11,0
txn_100847,2428.28,1226,3,0,0,0,upi,19,0
txn_100848,6085.26,9,2,0,0,0,wallet,14,0
txn_100849,1530.69,0,3,0,0,0,credit_card,15,0
txn_100850,1622.32,13,1,1,0,0,debit_card,6,0
txn_100851,4332.5,11,1,0,1,0,credit_card,8,0
txn_100852,1809.8,333,2,0,0,0,credit_card,13,0
txn_100853,1676.01,668,0,0,0,0,credit_card,16,0
txn_100854,1380.48,288,1,0,0,0,credit_card,18,0
txn_100855,2932.15,588,0,0,0,0,upi,17,0
txn_100856,4946.08,54,1,0,0,0,upi,14,0
txn_100857,1481.89,29,1,0,0,0,debit_card,19,0
txn_100858,950.04,284,0,0,0,0,credit_card,8,0
txn_100859,3296.75,169,9,1,0,0,debit_card,21,0
txn_100860,1406.51,0,4,0,0,0,upi,9,0
txn_100861,892.16,176,2,0,0,0,upi,18,0
txn_100862,1362.49,323,0,0,0,0,debit_card,12,0
txn_100863,2319.34,73,2,0,0,0,upi,13,0
txn_100864,529.03,50,3,0,0,0,credit_card,14,0
txn_100865,521.58,14,1,0,0,0,upi,18,0
txn_100866,1818.81,593,0,0,0,1,credit_card,21,0
txn_100867,2765.36,147,0,0,0,0,debit_card,14,0
txn_100868,2007.77,910,1,0,0,1,credit_card,12,0
txn_100869,1394.95,215,3,2,0,1,credit_card,13,0
txn_100870,2214.24,70,0,0,0,0,net_banking,18,1
txn_100871,2421.41,8,1,0,0,0,credit_card,12,0
txn_100872,2227.76,393,3,0,0,1,credit_card,20,0
txn_100873,602.71,642,0,0,0,0,credit_card,17,0
txn_100874,3364.46,134,2,1,0,0,net_banking,13,0
txn_100875,653.47,217,2,0,0,0,credit_card,19,0
txn_100876,700.22,167,3,0,0,0,wallet,3,0
txn_100877,506.76,87,0,0,1,0,debit_card,23,0
txn_100878,910.24,242,1,0,0,0,credit_card,3,0
txn_100879,2568.73,6,1,0,0,0,debit_card,19,0
txn_100880,1371.26,29,5,1,0,0,credit_card,18,0
txn_100881,853.63,9,3,0,1,0,debit_card,13,0
txn_100882,1607.26,6,2,1,0,0,credit_card,15,0
txn_100883,1089.64,0,3,0,0,0,upi,22,0
txn_100884,7178.12,13,1,0,0,0,upi,18,0
txn_100885,12599.02,110,0,0,0,0,net_banking,11,0
txn_100886,1330.05,135,1,0,0,0,wallet,8,0
txn_100887,2150.28,99,5,0,0,0,net_banking,15,0
txn_100888,3615.55,42,0,0,1,0,upi,20,0
txn_100889,1507.37,411,1,0,0,0,debit_card,11,0
txn_100890,13394.78,486,0,0,0,0,credit_card,13,0
txn_100891,936.7,0,1,0,1,0,debit_card,7,0
txn_100892,879.05,91,1,0,0,0,credit_card,16,0
txn_100893,890.93,2,4,0,0,0,wallet,18,0
txn_100894,1647.69,57,2,0,0,1,debit_card,14,0
txn_100895,349.55,139,1,0,0,0,credit_card,8,0
txn_100896,10279.37,2,4,0,0,0,net_banking,17,0
txn_100897,2538.1,363,2,0,0,0,credit_card,10,0
txn_100898,1026.0,7,3,0,0,0,net_banking,16,0
txn_100899,484.18,132,14,0,0,0,upi,14,0
txn_100900,175.95,264,8,0,0,0,debit_card,18,0
txn_100901,6492.23,73,5,0,0,0,upi,20,0
txn_100902,4186.74,145,7,2,0,0,credit_card,11,0
txn_100903,522.83,9,2,0,0,1,credit_card,12,0
txn_100904,1620.21,229,0,0,1,0,credit_card,16,0
txn_100905,666.95,294,0,0,0,0,upi,17,0
txn_100906,2282.86,12,4,1,0,0,debit_card,19,0
txn_100907,690.21,4,1,0,0,0,debit_card,19,0
txn_100908,1565.32,13,2,0,0,0,credit_card,12,0
txn_100909,643.6,259,0,0,0,0,net_banking,15,0
txn_100910,715.87,128,4,0,1,0,net_banking,9,0
txn_100911,631.13,434,0,0,0,0,debit_card,16,0
txn_100912,1269.09,251,5,0,0,0,wallet,20,0
txn_100913,780.57,142,12,0,0,0,credit_card,16,0
txn_100914,1513.22,559,4,0,0,0,upi,14,0
txn_100915,766.09,2,3,0,0,0,upi,9,0
txn_100916,1520.76,15,0,0,0,0,debit_card,11,0
txn_100917,4104.5,83,1,0,0,0,credit_card,7,0
txn_100918,446.92,173,5,0,0,1,debit_card,13,0
txn_100919,727.21,7,4,0,0,0,credit_card,13,0
txn_100920,588.6,6,1,0,0,0,upi,13,0
txn_100921,1615.15,2,4,0,0,0,upi,12,0
txn_100922,3131.83,181,1,0,0,0,credit_card,10,0
txn_100923,619.71,382,3,0,0,1,net_banking,14,0
txn_100924,941.09,97,5,0,0,0,credit_card,12,0
txn_100925,876.79,94,0,0,0,0,debit_card,11,0
txn_100926,2847.1,65,2,0,1,0,upi,19,0
txn_100927,672.15,247,1,1,0,0,upi,20,0
txn_100928,703.3,37,1,0,0,0,credit_card,16,0
txn_100929,1916.21,72,2,0,0,0,credit_card,13,0
txn_100930,546.16,40,14,0,0,0,credit_card,16,0
txn_100931,990.06,126,3,0,1,0,credit_card,14,0
txn_100932,3406.86,57,1,0,0,1,debit_card,23,0
txn_100933,397.65,150,2,1,0,0,credit_card,14,0
txn_100934,1589.41,4,2,0,0,0,upi,8,0
txn_100935,742.41,167,6,2,0,0,credit_card,20,0
txn_100936,3010.13,194,4,1,0,0,net_banking,15,0
txn_100937,2968.69,122,1,0,0,0,upi,8,0
txn_100938,449.86,112,2,0,0,0,credit_card,11,0
txn_100939,614.55,32,8,3,0,0,net_banking,14,0
txn_100940,909.48,7,1,0,0,0,debit_card,11,0
txn_100941,324.66,199,0,0,0,0,debit_card,15,0
txn_100942,1640.67,290,3,0,0,0,credit_card,19,0
txn_100943,157.82,22,3,0,0,0,credit_card,19,0
txn_100944,734.89,2,2,0,0,1,upi,8,0
txn_100945,791.69,65,2,0,0,0,upi,9,0
txn_100946,1887.07,5,3,1,0,0,debit_card,11,0
txn_100947,795.76,43,4,0,0,0,credit_card,12,0
txn_100948,938.68,145,14,5,0,0,credit_card,20,0
txn_100949,1269.4,8,4,0,1,0,credit_card,9,0
txn_100950,526.59,37,3,1,0,0,upi,15,0
txn_100951,5524.0,10,3,0,0,0,credit_card,19,0
txn_100952,2348.58,65,11,0,0,0,wallet,11,0
txn_100953,593.66,252,0,0,0,0,debit_card,8,0
txn_100954,1732.44,12,1,0,0,0,credit_card,14,0
txn_100955,2279.95,370,6,0,0,0,debit_card,11,0
txn_100956,522.57,133,1,0,0,0,credit_card,14,0
txn_100957,1268.49,135,0,0,0,0,net_banking,14,0
txn_100958,8226.42,51,0,0,0,0,debit_card,8,0
txn_100959,711.84,167,5,0,0,0,wallet,22,0
txn_100960,991.37,287,1,0,0,0,credit_card,12,0
txn_100961,900.01,16,0,0,0,0,upi,10,0
txn_100962,370.71,336,1,0,0,0,debit_card,20,0
txn_100963,26698.38,5,1,0,0,0,credit_card,23,0
txn_100964,1804.04,0,3,0,1,0,upi,12,0
txn_100965,620.3,44,0,0,1,0,debit_card,18,0
txn_100966,2155.49,77,7,0,0,0,credit_card,12,0
txn_100967,14421.61,68,0,0,0,0,upi,19,0
txn_100968,854.21,8,1,0,0,0,credit_card,12,0
txn_100969,1708.7,1,1,0,0,0,upi,18,0
txn_100970,1720.86,123,4,0,0,0,net_banking,20,0
txn_100971,969.89,190,7,1,0,0,upi,18,0
txn_100972,2615.28,397,5,0,1,0,net_banking,6,0
txn_100973,1818.76,27,0,0,0,0,net_banking,18,0
txn_100974,2673.08,535,0,0,0,0,upi,16,0
txn_100975,1719.94,142,0,0,0,0,upi,12,0
txn_100976,371.92,57,2,0,0,1,upi,13,0
txn_100977,3355.19,539,7,0,0,0,upi,20,0
txn_100978,2570.99,250,0,0,0,0,debit_card,6,0
txn_100979,1989.27,11,4,0,0,0,credit_card,19,0
txn_100980,622.56,481,1,0,1,1,credit_card,14,0
txn_100981,435.3,6,2,0,0,0,debit_card,7,0
txn_100982,4017.99,111,7,3,0,0,credit_card,12,0
txn_100983,392.05,213,7,1,0,0,net_banking,10,0
txn_100984,559.43,6,2,0,0,0,upi,14,0
txn_100985,875.78,805,0,0,0,0,upi,19,0
txn_100986,2642.28,714,2,0,0,0,upi,19,0
txn_100987,2023.24,58,0,0,0,0,net_banking,12,0
txn_100988,1282.7,311,4,1,0,0,upi,13,0
txn_100989,553.11,32,2,0,1,0,debit_card,13,0
txn_100990,2629.76,54,0,0,0,0,upi,9,0
txn_100991,1016.84,304,11,1,0,0,upi,20,0
txn_100992,5457.15,241,2,0,0,0,credit_card,20,0
txn_100993,1517.86,128,10,1,1,0,credit_card,14,0
txn_100994,4506.2,689,0,0,0,0,credit_card,12,0
txn_100995,768.67,42,3,1,0,0,upi,1,0
txn_100996,1949.37,34,4,0,0,0,credit_card,20,0
txn_100997,2699.62,389,3,0,0,0,upi,18,0
txn_100998,1993.9,11,3,0,0,0,wallet,13,0
txn_100999,2159.68,74,1,0,0,0,credit_card,1,0
txn_101000,626.59,173,1,0,0,0,upi,20,0
txn_101001,2632.82,1,1,0,0,0,debit_card,18,0
txn_101002,1128.8,243,7,0,0,0,upi,17,0
txn_101003,14027.87,19,1,0,0,0,debit_card,6,0
txn_101004,2376.64,69,5,0,0,0,upi,10,0
txn_101005,2672.76,5,2,0,1,0,upi,12,0
txn_101006,1294.78,6,4,0,0,0,credit_card,16,0
txn_101007,3160.81,162,2,0,1,0,net_banking,17,0
txn_101008,1456.83,5,4,0,0,0,upi,16,0
txn_101009,2611.67,60,0,0,0,1,credit_card,17,0
txn_101010,2351.49,119,1,0,0,0,debit_card,23,0
txn_101011,1872.6,8,4,1,0,0,upi,14,0
txn_101012,1433.01,63,4,0,0,0,debit_card,9,0
txn_101013,1268.3,142,6,0,0,0,wallet,19,0
txn_101014,1200.86,341,3,0,0,0,debit_card,7,0
txn_101015,1809.28,43,5,0,0,1,debit_card,14,0
txn_101016,600.3,6,3,0,0,0,debit_card,18,0
txn_101017,3471.49,372,5,0,0,0,upi,11,0
txn_101018,329.05,50,2,0,1,0,upi,17,0
txn_101019,2581.84,130,1,0,0,0,credit_card,13,0
txn_101020,494.17,195,2,0,1,0,upi,8,1
txn_101021,911.11,17,6,0,0,0,credit_card,16,0
txn_101022,571.38,5,2,0,0,0,credit_card,19,0
txn_101023,2668.95,8,2,0,0,0,net_banking,21,0
txn_101024,1222.96,103,3,0,0,0,debit_card,19,0
txn_101025,1104.05,14,1,0,0,0,debit_card,18,0
txn_101026,908.39,200,5,0,0,0,credit_card,4,0
txn_101027,8301.15,184,4,0,0,1,net_banking,18,0
txn_101028,2960.8,5,1,0,0,0,upi,17,0
txn_101029,1397.37,355,0,0,0,0,credit_card,10,0
txn_101030,1779.08,138,0,0,0,0,credit_card,11,0
txn_101031,975.02,459,1,0,0,1,credit_card,11,0
txn_101032,2978.91,113,3,0,0,0,debit_card,1,0
txn_101033,152.71,347,1,0,0,0,debit_card,17,0
txn_101034,4510.62,37,0,0,0,0,credit_card,17,0
txn_101035,618.17,153,0,0,1,0,net_banking,21,0
txn_101036,612.81,39,7,0,0,1,debit_card,13,0
txn_101037,2223.02,278,14,0,1,1,credit_card,20,1
txn_101038,365.48,7,4,0,0,1,credit_card,10,0
txn_101039,554.73,384,3,0,0,0,credit_card,7,0
txn_101040,1060.32,11,1,0,0,0,upi,18,0
txn_101041,276.09,10,1,0,0,0,credit_card,17,0
txn_101042,1313.66,63,15,6,0,0,debit_card,12,0
txn_101043,3405.64,49,0,0,0,0,debit_card,18,0
txn_101044,284.27,6,2,0,0,0,debit_card,13,0
txn_101045,2067.69,106,0,0,0,0,net_banking,17,0
txn_101046,2667.0,158,4,0,0,0,debit_card,20,0
txn_101047,664.66,110,8,3,0,0,debit_card,17,0
txn_101048,3196.38,72,0,0,0,0,credit_card,13,0
txn_101049,3546.66,40,10,1,0,1,credit_card,7,1
txn_101050,1006.41,381,10,0,0,0,upi,12,0
txn_101051,1176.41,332,1,0,0,0,credit_card,9,0
txn_101052,2596.64,163,1,0,0,0,debit_card,18,0
txn_101053,6604.34,100,10,1,0,1,debit_card,17,0
txn_101054,1049.41,30,3,1,0,0,upi,17,0
txn_101055,2954.25,238,0,0,0,0,credit_card,20,0
txn_101056,4713.6,147,9,0,0,0,wallet,12,0
txn_101057,1937.12,207,0,0,0,0,credit_card,16,0
txn_101058,1105.26,7,3,1,0,0,wallet,13,0
txn_101059,2852.08,5,4,0,0,0,credit_card,17,0
txn_101060,1063.08,36,6,0,1,1,upi,20,0
txn_101061,1812.2,10,1,0,0,0,upi,8,0
txn_101062,2409.17,15,0,0,1,0,debit_card,14,0
txn_101063,678.02,182,4,0,0,1,wallet,11,0
txn_101064,2235.85,52,2,0,0,0,credit_card,11,0
txn_101065,281.32,0,1,0,0,0,upi,19,0
txn_101066,286.11,241,9,0,0,0,debit_card,18,0
txn_101067,1006.4,314,2,0,0,0,credit_card,12,0
txn_101068,767.72,477,2,0,0,0,net_banking,19,0
txn_101069,928.37,44,6,0,0,0,credit_card,14,0
txn_101070,1054.79,7,3,0,0,0,debit_card,20,0
txn_101071,3014.21,93,0,0,0,0,credit_card,15,0
txn_101072,622.39,89,3,0,0,0,upi,20,0
txn_101073,1164.27,26,0,0,0,0,net_banking,12,0
txn_101074,1637.36,293,1,0,0,0,debit_card,21,0
txn_101075,551.66,317,8,0,1,0,upi,8,0
txn_101076,3512.17,413,2,0,0,0,upi,7,0
txn_101077,3530.73,86,0,0,0,0,wallet,16,0
txn_101078,2104.1,201,6,0,0,0,net_banking,12,0
txn_101079,1966.96,20,1,0,0,0,debit_card,12,0
txn_101080,1685.79,54,3,0,0,0,debit_card,13,0
txn_101081,2351.19,158,2,0,0,0,credit_card,18,0
txn_101082,2579.7,245,10,0,0,0,credit_card,18,0
txn_101083,2872.97,110,3,0,0,0,debit_card,8,0
txn_101084,3163.06,12,2,0,0,1,upi,10,0
txn_101085,588.73,3,4,1,1,0,debit_card,17,0
txn_101086,1595.58,22,3,0,1,0,debit_card,19,0
txn_101087,626.06,0,4,0,0,0,credit_card,20,0
txn_101088,98.9,123,4,0,1,0,credit_card,21,0
txn_101089,491.65,254,0,0,0,0,debit_card,17,0
txn_101090,2700.11,348,11,0,0,0,upi,21,0
txn_101091,979.74,300,12,0,0,0,debit_card,20,0
txn_101092,884.89,19,10,0,0,0,upi,20,0
txn_101093,581.05,1,3,1,0,1,upi,10,0
txn_101094,1102.03,21,0,0,1,0,upi,22,0
txn_101095,715.89,243,4,0,0,1,upi,20,0
txn_101096,1308.91,562,7,0,1,0,upi,15,0
txn_101097,1469.48,248,4,0,0,0,credit_card,11,0
txn_101098,1483.3,137,2,0,0,0,upi,14,0
txn_101099,688.4,411,5,0,0,0,upi,8,0
txn_101100,1542.86,8,1,0,0,0,credit_card,18,0
txn_101101,3068.59,11,4,0,0,0,upi,17,0
txn_101102,869.59,10,2,1,0,0,credit_card,9,0
txn_101103,584.42,64,3,0,0,1,credit_card,10,0
txn_101104,1232.66,27,11,4,0,0,credit_card,10,0
txn_101105,1611.63,132,2,0,0,0,debit_card,19,0
txn_101106,4133.82,113,11,4,1,1,debit_card,20,1
txn_101107,4526.12,30,10,0,0,0,debit_card,12,0
txn_101108,1626.19,123,4,0,0,0,debit_card,15,0
txn_101109,249.22,103,4,0,0,0,credit_card,16,0
txn_101110,379.29,637,1,0,0,0,upi,6,0
txn_101111,2675.05,221,2,0,1,0,credit_card,22,0
txn_101112,676.07,7,1,0,0,0,credit_card,14,0
txn_101113,538.8,113,11,0,0,0,net_banking,9,0
txn_101114,2119.49,2,3,0,1,0,credit_card,13,0
txn_101115,396.74,2,4,0,0,1,debit_card,11,0
txn_101116,926.66,315,2,0,0,0,credit_card,13,0
txn_101117,716.34,308,2,0,0,1,credit_card,17,0
txn_101118,3143.41,514,5,0,0,1,upi,21,0
txn_101119,2079.43,378,3,0,0,0,credit_card,16,0
txn_101120,291.18,117,1,0,0,0,credit_card,19,0
txn_101121,1223.3,363,5,2,0,0,debit_card,19,0
txn_101122,1622.52,226,3,0,0,0,net_banking,12,0
txn_101123,654.94,4,4,0,0,0,upi,20,0
txn_101124,2105.76,77,3,0,0,0,credit_card,18,0
txn_101125,334.27,9,4,0,0,0,debit_card,15,0
txn_101126,4498.2,67,18,2,0,0,credit_card,22,0
txn_101127,1163.01,35,0,0,0,0,wallet,6,0
txn_101128,256.11,8,4,1,0,1,credit_card,22,0
txn_101129,450.76,64,5,0,0,1,debit_card,18,0
txn_101130,1430.16,101,0,0,0,0,wallet,19,0
txn_101131,603.61,6,2,0,0,1,upi,14,0
txn_101132,1038.93,121,0,0,0,0,upi,3,0
txn_101133,1258.62,10,3,1,0,0,debit_card,10,0
txn_101134,2194.11,13,4,0,0,0,upi,20,0
txn_101135,2589.88,597,4,0,0,0,credit_card,13,0
txn_101136,572.07,446,1,0,0,0,credit_card,16,0
txn_101137,420.96,54,0,0,0,0,credit_card,16,0
txn_101138,858.98,149,0,0,0,0,credit_card,13,0
txn_101139,4050.48,13,2,0,0,0,credit_card,19,0
txn_101140,760.26,27,2,0,0,0,credit_card,1,0
txn_101141,300.83,144,0,0,0,1,credit_card,9,0
txn_101142,852.48,168,0,0,1,0,upi,18,0
txn_101143,991.2,15,4,0,0,0,debit_card,17,0
txn_101144,3217.66,170,1,0,0,0,credit_card,8,0
txn_101145,3680.04,37,1,0,0,1,debit_card,17,0
txn_101146,4009.86,296,1,0,0,0,credit_card,13,0
txn_101147,845.47,56,4,0,1,0,credit_card,17,0
txn_101148,1390.04,93,10,0,0,0,debit_card,1,0
txn_101149,335.16,163,3,1,0,0,debit_card,17,0
txn_101150,4167.45,8,4,0,1,0,upi,16,0
txn_101151,768.65,501,2,0,0,0,credit_card,16,0
txn_101152,448.02,0,4,0,0,0,credit_card,23,0
txn_101153,1301.59,11,4,0,0,1,debit_card,20,0
txn_101154,3457.41,357,3,1,0,0,upi,19,0
txn_101155,2366.91,310,6,0,0,0,debit_card,18,0
txn_101156,665.09,79,6,0,0,1,debit_card,12,0
txn_101157,892.45,87,0,0,0,0,debit_card,19,0
txn_101158,991.11,20,3,0,0,0,upi,12,0
txn_101159,2061.73,360,2,0,0,0,credit_card,7,0
txn_101160,4356.31,4,3,1,1,0,credit_card,6,0
txn_101161,2475.99,186,0,0,0,0,credit_card,16,0
txn_101162,938.3,335,3,0,0,0,debit_card,10,0
txn_101163,499.07,89,2,0,0,0,debit_card,21,0
txn_101164,584.3,212,4,0,0,0,credit_card,14,0
txn_101165,916.19,12,2,0,0,0,upi,17,0
txn_101166,7914.59,237,1,0,1,1,net_banking,11,0
txn_101167,777.31,208,1,0,0,0,upi,22,0
txn_101168,2649.06,51,1,0,0,0,net_banking,11,0
txn_101169,2405.67,443,5,2,0,0,credit_card,8,0
txn_101170,244.4,55,7,2,0,0,wallet,16,0
txn_101171,3135.71,553,5,0,0,0,credit_card,2,0
txn_101172,3207.13,26,2,0,0,0,credit_card,11,0
txn_101173,2486.26,320,2,0,1,0,debit_card,13,0
txn_101174,203.7,306,3,1,0,0,upi,19,0
txn_101175,1747.07,138,3,0,0,0,upi,10,0
txn_101176,450.38,6,3,0,0,0,credit_card,18,0
txn_101177,1689.79,226,0,0,0,0,wallet,7,0
txn_101178,162.67,71,1,0,0,0,credit_card,17,0
txn_101179,623.4,12,2,0,0,0,upi,22,0
txn_101180,804.23,46,4,0,0,0,credit_card,20,0
txn_101181,2732.02,311,0,0,0,0,debit_card,17,0
txn_101182,1577.56,338,1,0,1,0,credit_card,12,0
txn_101183,600.26,203,13,0,0,0,debit_card,9,0
txn_101184,2273.4,1015,3,0,0,0,debit_card,13,0
txn_101185,6912.95,4,2,0,0,1,debit_card,8,0
txn_101186,4045.32,19,4,0,0,0,credit_card,8,0
txn_101187,719.02,409,6,1,0,0,upi,21,0
txn_101188,4719.73,507,9,3,0,0,credit_card,21,0
txn_101189,7214.27,71,0,0,0,0,credit_card,15,0
txn_101190,2196.59,163,0,0,0,0,net_banking,17,0
txn_101191,6415.4,11,2,1,0,0,upi,19,0
txn_101192,350.91,26,0,0,0,0,debit_card,16,0
txn_101193,2510.34,66,2,0,1,0,debit_card,18,0
txn_101194,349.87,318,1,0,0,0,credit_card,10,0
txn_101195,9630.08,204,0,0,1,0,credit_card,18,0
txn_101196,895.15,85,4,0,0,0,credit_card,10,0
txn_101197,1308.22,65,0,0,1,0,credit_card,20,0
txn_101198,434.22,76,0,0,0,0,credit_card,19,0
txn_101199,2007.13,91,4,0,0,0,debit_card,14,0
txn_101200,1674.22,201,0,0,0,0,credit_card,8,0
txn_101201,1142.93,81,12,0,0,0,upi,17,0
txn_101202,1417.34,303,2,1,0,0,upi,16,0
txn_101203,220.25,3,4,0,0,0,debit_card,19,0
txn_101204,1268.93,33,1,0,0,0,debit_card,15,0
txn_101205,616.96,225,22,0,0,0,upi,10,0
txn_101206,593.04,21,3,0,1,0,upi,8,0
txn_101207,3267.53,261,2,0,0,0,credit_card,19,0
txn_101208,1349.4,6,3,0,0,0,debit_card,17,0
txn_101209,1868.25,10,2,0,0,1,credit_card,19,0
txn_101210,1091.61,26,0,0,0,0,credit_card,18,0
txn_101211,7660.5,116,0,0,0,0,credit_card,10,0
txn_101212,1062.12,30,4,0,0,0,upi,21,0
txn_101213,1505.99,463,12,0,0,0,credit_card,16,0
txn_101214,688.36,340,5,0,0,0,upi,20,0
txn_101215,425.35,552,9,1,0,1,credit_card,20,0
txn_101216,1384.45,0,1,0,1,0,credit_card,11,0
txn_101217,1223.65,23,0,0,0,0,credit_card,9,0
txn_101218,1108.26,195,19,1,0,0,upi,17,0
txn_101219,180.05,30,4,0,0,0,credit_card,19,0
txn_101220,3536.55,293,5,0,0,0,debit_card,11,0
txn_101221,4484.17,8,4,0,0,1,credit_card,18,0
txn_101222,1214.99,82,2,0,1,0,credit_card,12,0
txn_101223,1448.04,145,3,0,0,0,wallet,13,0
txn_101224,2076.98,48,3,0,1,0,debit_card,20,0
txn_101225,2993.6,292,0,0,0,1,credit_card,13,0
txn_101226,336.97,8,2,0,0,0,debit_card,13,0
txn_101227,876.38,26,0,0,0,0,credit_card,10,0
txn_101228,1130.62,251,1,0,0,0,upi,14,0
txn_101229,1259.89,67,1,0,0,0,upi,20,0
txn_101230,2020.5,61,4,0,0,0,upi,14,0
txn_101231,2209.83,372,3,0,0,0,debit_card,15,0
txn_101232,5246.29,87,7,0,0,0,upi,23,0
txn_101233,197.81,3,3,0,0,0,upi,13,0
txn_101234,1175.02,1,1,1,0,0,credit_card,17,0
txn_101235,941.14,10,4,0,0,0,upi,15,0
txn_101236,1189.88,103,2,0,0,1,net_banking,10,1
txn_101237,865.59,173,3,0,1,0,credit_card,17,0
txn_101238,8477.52,326,1,0,0,1,credit_card,7,1
txn_101239,655.71,281,1,0,0,1,credit_card,23,0
txn_101240,444.42,45,0,0,0,0,credit_card,8,0
txn_101241,2925.69,11,4,2,0,1,upi,11,0
txn_101242,2930.7,625,0,0,0,0,upi,21,0
txn_101243,3396.73,25,2,0,0,1,credit_card,14,0
txn_101244,705.45,33,9,0,0,0,debit_card,8,0
txn_101245,1736.42,274,0,0,0,0,upi,6,0
txn_101246,1447.66,15,0,0,0,0,upi,15,0
txn_101247,382.52,0,1,0,0,0,credit_card,19,0
txn_101248,520.38,171,3,0,0,0,upi,13,0
txn_101249,966.91,529,6,2,0,0,upi,18,0
txn_101250,3142.95,124,3,0,0,0,credit_card,16,0
txn_101251,2245.09,408,7,0,1,0,upi,10,0
txn_101252,16422.99,116,0,0,0,1,debit_card,9,0
txn_101253,7248.97,112,0,0,0,0,wallet,11,0
txn_101254,8104.63,210,9,1,0,0,upi,22,0
txn_101255,219.03,594,3,1,0,0,debit_card,18,0
txn_101256,252.33,10,4,0,0,1,upi,1,0
txn_101257,1873.51,215,0,0,0,0,wallet,18,0
txn_101258,1114.51,4,3,0,0,0,upi,9,0
txn_101259,3502.38,10,4,0,1,0,upi,15,0
txn_101260,324.28,318,3,0,0,1,upi,7,0
txn_101261,1741.89,10,4,1,0,0,credit_card,11,0
txn_101262,895.4,120,5,0,0,0,debit_card,9,0
txn_101263,9862.39,12,4,0,0,0,credit_card,19,0
txn_101264,571.04,217,0,0,0,0,credit_card,21,0
txn_101265,668.16,107,2,0,0,0,credit_card,16,1
txn_101266,672.02,12,3,0,0,0,credit_card,10,0
txn_101267,644.85,156,5,0,0,0,credit_card,15,0
txn_101268,943.04,4,4,0,0,0,debit_card,21,0
txn_101269,1709.1,139,0,0,0,0,net_banking,20,0
txn_101270,500.16,34,14,0,0,0,upi,17,0
txn_101271,129.67,377,1,0,0,0,credit_card,5,0
txn_101272,2180.26,593,2,0,1,0,credit_card,20,0
txn_101273,1071.32,146,4,0,0,0,credit_card,23,0
txn_101274,1126.93,17,0,0,0,0,credit_card,16,0
txn_101275,1558.33,124,3,1,0,0,credit_card,15,1
txn_101276,1967.42,14,4,1,0,0,credit_card,9,0
txn_101277,1409.33,254,4,0,0,0,wallet,18,0
txn_101278,3150.61,32,3,0,0,0,upi,4,0
txn_101279,1317.07,287,1,0,0,0,debit_card,19,0
txn_101280,1693.09,8,1,0,0,1,upi,17,0
txn_101281,7768.19,229,8,0,0,0,debit_card,5,0
txn_101282,2575.59,155,1,0,0,0,credit_card,9,0
txn_101283,3972.57,51,7,0,0,0,debit_card,20,0
txn_101284,2027.8,6,3,1,0,0,credit_card,10,0
txn_101285,2782.85,175,3,1,0,0,debit_card,16,0
txn_101286,1310.66,560,1,0,0,0,upi,11,0
txn_101287,1677.06,4,1,0,0,0,credit_card,19,0
txn_101288,701.88,12,3,0,0,0,credit_card,18,0
txn_101289,1051.66,321,2,0,0,0,credit_card,16,0
txn_101290,1717.06,13,1,0,0,0,debit_card,23,0
txn_101291,3578.42,163,5,0,0,0,debit_card,20,0
txn_101292,6112.51,2,4,0,0,0,debit_card,19,0
txn_101293,487.01,78,1,0,0,0,upi,18,0
txn_101294,694.22,377,1,0,0,0,debit_card,12,0
txn_101295,1037.42,400,4,0,0,0,upi,23,0
txn_101296,688.07,83,2,0,0,0,credit_card,8,0
txn_101297,865.63,148,21,1,0,0,net_banking,13,0
txn_101298,776.19,243,5,0,0,0,credit_card,13,0
txn_101299,2368.6,149,3,0,0,1,credit_card,9,0
txn_101300,1641.83,4,1,0,0,0,credit_card,16,0
txn_101301,808.91,277,4,0,0,0,credit_card,18,0
txn_101302,343.07,134,11,0,1,0,net_banking,18,0
txn_101303,10122.82,64,12,4,1,0,credit_card,19,0
txn_101304,3553.93,206,0,0,0,0,upi,18,0
txn_101305,5160.04,252,3,1,0,0,net_banking,12,0
txn_101306,4421.86,295,1,0,0,0,debit_card,18,0
txn_101307,1553.77,6,3,0,0,0,upi,10,0
txn_101308,1192.49,369,0,0,1,1,credit_card,20,0
txn_101309,414.12,138,9,0,0,0,debit_card,9,0
txn_101310,551.59,659,5,2,0,0,net_banking,11,0
txn_101311,4602.23,520,2,0,0,0,upi,20,0
txn_101312,2734.41,63,6,0,0,0,net_banking,17,0
txn_101313,2485.68,168,0,0,0,0,net_banking,3,0
txn_101314,3161.24,286,1,0,0,0,net_banking,15,0
txn_101315,1338.72,451,0,0,0,0,upi,9,0
txn_101316,4466.24,478,5,0,0,0,credit_card,9,0
txn_101317,522.16,2,4,0,0,0,credit_card,16,0
txn_101318,2110.16,153,8,0,1,0,credit_card,8,0
txn_101319,1677.74,221,1,0,0,0,debit_card,13,0
txn_101320,921.59,53,6,2,1,0,upi,16,0
txn_101321,622.44,172,0,0,0,0,debit_card,15,0
txn_101322,2757.28,40,0,0,0,0,credit_card,14,0
txn_101323,679.56,9,4,0,0,1,upi,22,0
txn_101324,828.47,19,1,0,1,0,wallet,9,0
txn_101325,13713.9,16,0,0,1,1,credit_card,20,0
txn_101326,1176.27,278,6,0,0,0,wallet,13,0
txn_101327,118.63,3,2,0,1,1,credit_card,9,0
txn_101328,3686.13,3,1,0,0,1,credit_card,15,0
txn_101329,2155.63,316,0,0,1,0,wallet,18,0
txn_101330,1144.69,0,1,0,0,0,upi,11,0
txn_101331,617.65,136,0,0,0,1,debit_card,12,0
txn_101332,2915.15,121,2,0,1,0,upi,20,0
txn_101333,4253.09,326,1,0,0,0,credit_card,7,0
txn_101334,1287.07,13,3,0,1,0,upi,4,0
txn_101335,2017.94,7,1,1,0,0,credit_card,18,0
txn_101336,3848.3,163,4,1,0,0,credit_card,19,0
txn_101337,2635.13,140,7,0,0,0,wallet,17,0
txn_101338,1203.48,9,4,0,0,0,net_banking,22,0
txn_101339,1269.13,563,1,0,0,0,upi,15,0
txn_101340,289.88,166,6,0,0,0,debit_card,23,0
txn_101341,370.33,7,2,0,1,0,upi,5,0
txn_101342,366.8,32,5,0,0,0,debit_card,20,0
txn_101343,1563.69,7,3,1,0,0,wallet,21,0
txn_101344,2766.94,41,8,0,0,0,wallet,22,0
txn_101345,1489.97,154,1,0,0,0,credit_card,8,0
txn_101346,1385.24,10,3,0,0,0,credit_card,18,0
txn_101347,6644.78,214,0,0,1,0,upi,11,0
txn_101348,1059.11,114,9,3,0,0,upi,16,0
txn_101349,2975.48,93,6,2,0,0,credit_card,16,0
txn_101350,878.86,339,5,0,0,0,credit_card,14,0
txn_101351,1576.87,102,3,0,0,0,debit_card,19,0
txn_101352,1349.16,151,8,0,0,0,wallet,15,0
txn_101353,1641.16,0,3,0,0,0,upi,18,0
txn_101354,620.51,179,5,0,0,1,credit_card,16,0
txn_101355,3195.94,334,1,0,0,0,upi,20,0
txn_101356,582.0,293,2,0,0,0,upi,9,0
txn_101357,2089.03,266,12,5,0,0,credit_card,11,0
txn_101358,608.35,353,1,0,0,0,debit_card,16,0
txn_101359,4512.14,66,3,0,0,0,upi,20,0
txn_101360,684.88,709,3,0,0,0,credit_card,17,0
txn_101361,1809.48,92,7,1,0,0,debit_card,11,0
txn_101362,1606.85,33,3,0,1,0,upi,12,0
txn_101363,664.15,171,1,0,0,0,net_banking,16,0
txn_101364,1190.04,86,6,0,0,0,debit_card,15,0
txn_101365,511.55,565,3,0,0,0,upi,20,0
txn_101366,880.88,51,0,0,0,0,upi,11,0
txn_101367,702.76,217,0,0,0,0,upi,13,0
txn_101368,702.32,130,3,1,1,0,wallet,8,0
txn_101369,202.11,319,4,1,0,0,credit_card,16,0
txn_101370,1499.61,137,0,0,0,0,credit_card,21,0
txn_101371,181.11,72,6,0,0,0,credit_card,9,0
txn_101372,3302.44,254,2,0,0,0,credit_card,16,0
txn_101373,634.27,97,1,0,0,0,credit_card,11,0
txn_101374,449.46,71,1,0,0,0,net_banking,8,0
txn_101375,1711.65,11,4,1,0,0,debit_card,20,0
txn_101376,550.31,10,2,0,0,0,debit_card,17,0
txn_101377,2635.98,93,5,1,0,0,credit_card,18,0
txn_101378,3323.8,9,2,1,0,0,upi,18,0
txn_101379,1266.61,105,9,0,0,0,net_banking,22,0
txn_101380,511.74,329,1,0,0,0,upi,8,0
txn_101381,2238.55,449,4,0,0,0,upi,20,0
txn_101382,1014.61,166,2,0,0,0,credit_card,23,0
txn_101383,1947.99,342,1,0,0,0,wallet,18,0
txn_101384,5753.51,3,4,0,0,0,credit_card,9,0
txn_101385,2823.73,20,0,0,0,0,upi,16,0
txn_101386,981.3,0,1,0,0,0,upi,16,0
txn_101387,809.66,102,6,0,0,0,credit_card,12,0
txn_101388,8451.35,175,1,0,0,0,net_banking,16,0
txn_101389,172.23,21,0,0,0,0,credit_card,13,0
txn_101390,1706.94,563,0,0,1,0,debit_card,22,0
txn_101391,3349.88,32,0,0,1,0,wallet,10,0
txn_101392,270.92,155,10,1,0,1,upi,13,0
txn_101393,1488.49,6,2,0,0,0,credit_card,16,0
txn_101394,1614.33,154,4,0,0,0,debit_card,16,0
txn_101395,543.27,176,0,0,0,0,upi,11,0
txn_101396,314.39,6,2,1,0,0,credit_card,21,0
txn_101397,394.03,41,1,0,1,0,credit_card,8,0
txn_101398,1841.57,102,4,0,0,0,net_banking,14,0
txn_101399,720.15,7,4,0,0,0,credit_card,18,0
txn_101400,1735.77,13,3,0,1,0,debit_card,0,0
txn_101401,399.42,13,1,1,0,0,upi,12,0
txn_101402,799.54,2,4,0,0,0,net_banking,20,0
txn_101403,2367.4,7,2,0,0,0,credit_card,13,0
txn_101404,2768.9,479,2,0,0,0,upi,7,0
txn_101405,529.94,15,6,2,0,1,net_banking,18,0
txn_101406,269.8,299,0,0,1,1,debit_card,12,1
txn_101407,369.72,68,6,0,0,0,upi,19,0
txn_101408,740.53,160,1,0,0,0,wallet,19,0
txn_101409,687.3,7,1,0,0,1,credit_card,6,0
txn_101410,791.64,184,2,0,0,0,credit_card,11,0
txn_101411,4085.02,89,0,0,0,0,debit_card,18,0
txn_101412,2098.72,59,1,0,0,0,credit_card,11,0
txn_101413,3324.55,194,0,0,1,0,debit_card,14,0
txn_101414,1189.7,5,1,0,0,0,upi,1,0
txn_101415,1009.38,433,3,0,0,0,net_banking,8,0
txn_101416,1365.05,12,1,0,0,0,upi,7,0
txn_101417,913.77,0,2,0,0,0,credit_card,10,1
txn_101418,5085.55,2,1,0,0,0,net_banking,20,0
txn_101419,1708.28,223,8,1,0,0,debit_card,18,0
txn_101420,4152.18,127,4,0,0,0,upi,19,0
txn_101421,1900.25,76,1,1,0,0,credit_card,12,0
txn_101422,1384.68,115,5,0,0,0,credit_card,10,0
txn_101423,443.0,187,1,0,0,0,credit_card,13,0
txn_101424,1449.78,135,1,0,1,0,credit_card,14,0
txn_101425,1560.25,241,3,0,1,0,debit_card,18,0
txn_101426,599.77,16,0,0,0,0,credit_card,9,0
txn_101427,541.29,125,3,1,0,0,upi,12,0
txn_101428,3771.85,11,4,2,0,0,wallet,16,0
txn_101429,970.59,17,6,0,0,0,wallet,21,0
txn_101430,789.79,1009,7,0,0,0,credit_card,13,0
txn_101431,2373.28,112,0,0,0,0,credit_card,10,0
txn_101432,1890.02,412,9,0,0,0,upi,15,0
txn_101433,2038.66,583,1,0,0,0,upi,17,0
txn_101434,1347.67,281,1,0,0,0,debit_card,14,0
txn_101435,326.62,11,1,0,0,0,credit_card,15,0
txn_101436,1506.28,58,11,1,0,0,debit_card,12,0
txn_101437,2581.74,207,0,0,0,0,credit_card,9,0
txn_101438,555.29,41,17,6,0,0,debit_card,8,0
txn_101439,1630.75,95,0,0,0,0,credit_card,6,0
txn_101440,1976.53,14,2,0,0,0,credit_card,20,0
txn_101441,2190.05,22,0,0,0,1,credit_card,10,0
txn_101442,2412.03,91,7,0,0,0,upi,10,0
txn_101443,6048.59,204,15,0,0,0,net_banking,9,0
txn_101444,2435.57,37,7,2,0,0,credit_card,9,0
txn_101445,1181.35,518,0,0,0,0,wallet,13,0
txn_101446,679.9,569,0,0,0,0,credit_card,7,0
txn_101447,973.04,290,13,0,0,0,credit_card,10,0
txn_101448,1625.86,10,2,0,0,0,upi,8,0
txn_101449,1517.08,292,4,0,0,0,wallet,15,0
txn_101450,2693.74,555,10,0,0,0,upi,17,0
txn_101451,2148.95,59,8,3,0,0,wallet,10,0
txn_101452,780.11,8,2,0,0,1,upi,20,0
txn_101453,2289.23,99,2,0,0,0,debit_card,19,0
txn_101454,975.33,244,13,0,0,0,credit_card,21,0
txn_101455,571.66,604,1,0,0,1,upi,1,0
txn_101456,5327.26,188,6,0,0,0,net_banking,16,0
txn_101457,2745.18,51,2,0,0,0,wallet,11,0
txn_101458,2341.5,75,1,0,0,0,credit_card,12,0
txn_101459,903.16,9,4,0,0,0,credit_card,17,0
txn_101460,1026.17,151,10,0,0,1,net_banking,11,0
txn_101461,446.06,642,6,0,0,0,debit_card,9,0
txn_101462,2212.6,381,1,0,0,0,debit_card,16,0
txn_101463,1267.05,52,9,3,0,0,credit_card,9,0
txn_101464,3634.13,19,2,1,0,0,upi,18,0
txn_101465,1879.4,7,2,0,0,1,wallet,21,0
txn_101466,590.91,9,4,0,1,0,debit_card,17,0
txn_101467,158.06,2,2,0,0,0,upi,10,0
txn_101468,661.42,181,7,2,0,0,upi,10,0
txn_101469,5291.22,142,0,0,1,0,credit_card,10,0
txn_101470,1353.43,38,7,1,1,0,credit_card,12,0
txn_101471,5289.54,160,3,0,0,0,upi,17,0
txn_101472,717.17,152,0,0,0,0,credit_card,22,0
txn_101473,692.43,742,4,0,0,0,wallet,12,0
txn_101474,3647.42,165,4,0,0,0,credit_card,19,0
txn_101475,14991.76,57,1,0,0,0,credit_card,17,0
txn_101476,1320.57,222,1,0,0,0,credit_card,9,0
txn_101477,1838.3,14,4,0,1,0,upi,11,0
txn_101478,699.25,96,6,2,0,0,upi,7,0
txn_101479,1196.72,90,10,0,0,0,debit_card,14,0
txn_101480,1330.2,26,4,0,0,0,upi,14,0
txn_101481,1964.07,151,3,0,1,0,net_banking,11,0
txn_101482,1144.64,51,5,0,0,0,debit_card,14,0
txn_101483,2085.78,345,0,0,1,0,credit_card,10,0
txn_101484,1734.31,292,0,0,1,0,credit_card,19,0
txn_101485,563.79,100,2,1,0,0,debit_card,12,0
txn_101486,760.87,138,2,0,1,0,credit_card,12,0
txn_101487,1024.87,13,2,0,0,0,debit_card,13,0
txn_101488,1261.83,52,8,1,0,0,credit_card,10,0
txn_101489,625.39,243,0,0,0,0,credit_card,12,0
txn_101490,7290.5,186,3,0,0,0,credit_card,17,0
txn_101491,887.0,267,4,0,0,0,debit_card,16,0
txn_101492,3381.4,338,3,0,0,0,credit_card,15,0
txn_101493,847.7,163,3,0,0,0,upi,17,0
txn_101494,643.13,503,13,1,1,0,net_banking,18,0
txn_101495,963.21,358,4,0,0,0,net_banking,9,0
txn_101496,2639.95,4,4,0,0,0,upi,9,0
txn_101497,879.78,41,7,1,0,0,credit_card,17,0
txn_101498,1549.23,6,1,0,0,0,upi,13,0
txn_101499,1485.03,14,2,0,0,0,net_banking,18,0
txn_101500,1236.09,4,4,0,1,0,debit_card,16,0
txn_101501,545.81,305,7,0,0,0,credit_card,18,0
txn_101502,1531.81,101,8,3,0,0,net_banking,7,0
txn_101503,175.0,79,7,0,0,0,credit_card,13,0
txn_101504,6802.57,250,0,0,0,0,upi,11,0
txn_101505,1521.42,6,2,0,0,0,debit_card,7,0
txn_101506,490.59,115,0,0,0,0,debit_card,16,0
txn_101507,519.02,427,1,0,0,0,upi,16,0
txn_101508,286.08,63,12,1,0,0,net_banking,19,0
txn_101509,341.0,463,0,0,0,0,credit_card,20,0
txn_101510,3188.59,245,8,0,0,0,debit_card,17,0
txn_101511,4132.67,111,10,0,1,0,debit_card,15,0
txn_101512,1266.6,10,1,0,0,0,debit_card,17,0
txn_101513,621.19,74,5,0,0,0,upi,8,0
txn_101514,1171.87,1,2,0,0,0,net_banking,16,0
txn_101515,1243.83,427,6,0,0,0,debit_card,12,0
txn_101516,767.16,67,5,0,0,0,debit_card,13,0
txn_101517,2561.85,7,1,0,0,0,credit_card,20,0
txn_101518,1445.14,445,14,0,0,0,credit_card,19,0
txn_101519,327.64,475,6,0,0,0,debit_card,12,0
txn_101520,2340.4,52,3,0,0,0,net_banking,16,0
txn_101521,1156.84,2,3,0,0,0,debit_card,20,0
txn_101522,1581.44,12,3,0,0,0,credit_card,12,0
txn_101523,573.33,110,3,0,0,0,credit_card,13,0
txn_101524,1006.55,211,1,1,0,0,credit_card,18,0
txn_101525,256.28,358,7,0,0,0,credit_card,20,0
txn_101526,1011.81,289,4,0,0,0,debit_card,15,0
txn_101527,2115.65,16,1,0,0,0,upi,19,0
txn_101528,4806.37,6,4,0,0,0,wallet,17,0
txn_101529,2168.81,263,2,0,0,0,credit_card,21,0
txn_101530,661.94,3,1,0,0,0,upi,9,0
txn_101531,2875.64,463,8,0,0,0,upi,16,0
txn_101532,1508.7,169,2,0,0,1,net_banking,13,1
txn_101533,1443.92,48,2,1,0,0,credit_card,11,0
txn_101534,5306.66,11,1,0,0,0,upi,18,0
txn_101535,2922.11,50,8,1,0,0,wallet,10,0
txn_101536,1006.85,30,3,0,0,0,credit_card,14,0
txn_101537,322.36,619,6,0,0,0,upi,20,0
txn_101538,212.79,14,1,0,0,0,net_banking,3,0
txn_101539,2003.69,102,3,0,0,0,net_banking,15,0
txn_101540,2131.06,66,3,0,0,0,credit_card,17,0
txn_101541,2404.73,856,1,0,0,0,upi,16,0
txn_101542,1193.27,41,2,0,0,0,upi,17,0
txn_101543,1830.47,7,4,0,0,0,debit_card,23,0
txn_101544,1137.34,168,0,0,0,0,upi,15,0
txn_101545,845.54,357,12,0,0,0,credit_card,14,0
txn_101546,895.89,532,3,0,0,0,debit_card,11,0
txn_101547,4086.55,47,8,0,1,0,credit_card,13,0
txn_101548,593.01,6,1,0,0,0,credit_card,15,0
txn_101549,1537.09,14,1,0,0,0,credit_card,16,0
txn_101550,527.15,259,16,1,0,0,credit_card,1,1
txn_101551,5515.29,5,4,0,0,0,upi,2,0
txn_101552,1967.42,77,0,0,0,0,upi,23,0
txn_101553,1198.11,140,0,0,1,0,debit_card,17,0
txn_101554,646.75,12,1,0,0,0,wallet,9,0
txn_101555,788.04,7,4,0,0,0,credit_card,21,0
txn_101556,884.23,39,3,0,0,0,credit_card,20,0
txn_101557,401.69,3,3,0,0,0,net_banking,12,0
txn_101558,626.29,98,0,0,0,0,debit_card,12,0
txn_101559,399.69,2,2,0,0,0,credit_card,18,0
txn_101560,2528.29,542,10,4,0,0,debit_card,11,0
txn_101561,1806.07,187,1,0,0,0,upi,12,0
txn_101562,4010.17,108,1,0,1,0,debit_card,17,0
txn_101563,1215.65,68,1,0,0,0,debit_card,15,0
txn_101564,3070.42,36,1,0,0,0,credit_card,20,0
txn_101565,1288.6,3,2,0,0,1,upi,17,0
txn_101566,4889.03,466,0,0,0,0,credit_card,21,0
txn_101567,1288.67,132,7,0,0,0,credit_card,17,0
txn_101568,949.17,58,6,0,0,0,credit_card,17,0
txn_101569,394.44,101,5,0,0,0,wallet,10,0
txn_101570,3820.88,9,4,0,0,0,debit_card,19,0
txn_101571,1675.2,8,2,1,0,0,upi,12,0
txn_101572,1000.2,9,3,0,0,0,debit_card,15,0
txn_101573,1858.81,344,1,0,0,0,net_banking,12,0
txn_101574,500.21,147,3,1,0,0,upi,8,0
txn_101575,4424.19,52,9,1,0,0,credit_card,22,0
txn_101576,2376.4,295,2,0,0,0,credit_card,18,0
txn_101577,869.49,8,1,0,0,0,upi,8,0
txn_101578,8877.27,17,3,1,0,0,debit_card,16,0
txn_101579,1096.55,13,2,0,0,0,upi,18,0
txn_101580,1077.86,11,3,0,0,0,credit_card,16,0
txn_101581,6092.33,3,4,0,0,0,credit_card,13,0
txn_101582,1422.45,86,2,1,0,0,credit_card,18,0
txn_101583,1422.42,5,4,0,1,0,debit_card,16,0
txn_101584,427.34,3,3,0,0,0,upi,8,0
txn_101585,1813.63,99,1,0,0,0,upi,6,0
txn_101586,1287.75,64,7,1,0,0,debit_card,12,0
txn_101587,1039.61,1,1,0,1,0,upi,17,0
txn_101588,181.97,415,4,0,0,0,wallet,6,0
txn_101589,517.69,41,2,0,0,0,credit_card,9,0
txn_101590,1761.29,5,1,0,0,0,net_banking,20,0
txn_101591,483.41,15,5,0,0,0,net_banking,18,0
txn_101592,2870.47,63,5,0,0,0,net_banking,3,0
txn_101593,915.85,593,2,0,0,0,debit_card,17,0
txn_101594,723.62,252,2,0,1,0,upi,17,0
txn_101595,690.11,53,1,0,0,1,upi,20,0
txn_101596,2292.74,0,4,1,0,1,credit_card,17,0
txn_101597,1509.39,72,1,0,0,1,debit_card,16,0
txn_101598,3129.61,43,2,0,0,0,credit_card,11,0
txn_101599,7161.86,51,4,0,1,0,credit_card,10,0
txn_101600,579.6,224,0,0,0,0,credit_card,21,0
txn_101601,393.22,9,4,0,1,0,debit_card,15,1
txn_101602,985.21,131,2,0,0,0,credit_card,14,0
txn_101603,4651.19,12,2,0,0,0,debit_card,18,0
txn_101604,1328.34,6,1,0,0,0,upi,19,0
txn_101605,1211.19,2,4,0,0,0,credit_card,20,0
txn_101606,281.38,5,1,0,0,0,upi,9,0
txn_101607,1611.9,250,6,0,0,1,upi,13,0
txn_101608,510.23,60,4,0,0,1,wallet,9,0
txn_101609,1436.02,95,0,0,1,0,credit_card,22,0
txn_101610,3737.76,32,2,0,0,0,debit_card,14,0
txn_101611,1823.51,725,2,0,0,0,debit_card,4,0
txn_101612,164.9,207,0,0,0,1,debit_card,18,0
txn_101613,2484.97,278,0,0,0,0,credit_card,15,0
txn_101614,1106.52,535,0,0,0,1,credit_card,10,0
txn_101615,752.87,517,0,0,1,0,credit_card,11,0
txn_101616,1419.77,64,6,0,1,0,credit_card,22,0
txn_101617,4017.66,266,0,0,0,0,upi,16,0
txn_101618,3531.64,248,1,0,0,0,upi,8,0
txn_101619,3429.55,114,3,0,0,0,credit_card,19,0
txn_101620,1393.37,1,1,0,0,0,credit_card,9,0
txn_101621,5454.58,44,0,0,0,0,credit_card,13,0
txn_101622,1651.58,168,8,0,0,0,credit_card,7,0
txn_101623,6839.58,244,3,0,0,0,credit_card,14,0
txn_101624,4310.65,15,0,0,0,0,debit_card,17,0
txn_101625,1138.58,295,10,0,1,0,credit_card,8,0
txn_101626,753.69,159,4,0,0,0,credit_card,2,0
txn_101627,347.03,36,0,0,1,0,credit_card,8,0
txn_101628,2122.06,125,16,0,0,0,credit_card,8,0
txn_101629,2549.4,542,1,0,0,0,upi,22,0
txn_101630,4776.3,2,2,0,0,1,upi,12,1
txn_101631,1710.5,259,5,0,0,0,wallet,8,0
txn_101632,979.43,47,4,0,0,0,credit_card,13,0
txn_101633,921.1,506,10,0,0,0,debit_card,19,0
txn_101634,568.35,128,0,0,0,0,upi,12,0
txn_101635,577.21,668,1,0,0,0,upi,13,0
txn_101636,667.31,1,3,0,0,0,debit_card,10,0
txn_101637,211.86,73,5,0,0,0,debit_card,8,0
txn_101638,1881.45,13,2,0,0,0,net_banking,19,0
txn_101639,3657.89,73,19,0,0,0,credit_card,8,0
txn_101640,3125.73,13,3,0,0,0,credit_card,13,0
txn_101641,1331.8,150,5,0,0,0,credit_card,18,0
txn_101642,11691.05,331,0,0,1,0,net_banking,10,0
txn_101643,3399.84,37,2,0,1,0,net_banking,18,0
txn_101644,2808.5,5,1,0,1,0,upi,17,0
txn_101645,597.67,96,1,0,1,0,credit_card,15,0
txn_101646,1098.56,260,3,0,0,0,credit_card,5,0
txn_101647,1011.78,9,2,0,0,0,wallet,11,0
txn_101648,1163.33,3,1,0,0,0,net_banking,10,0
txn_101649,2268.96,11,3,0,0,1,upi,17,0
txn_101650,1123.91,41,20,3,0,0,debit_card,13,0
txn_101651,1811.68,120,3,0,0,0,credit_card,18,0
txn_101652,1090.57,5,2,0,0,1,credit_card,6,0
txn_101653,241.79,148,1,0,0,0,net_banking,16,0
txn_101654,3029.06,140,6,0,1,0,net_banking,13,0
txn_101655,653.22,240,1,0,0,0,credit_card,12,0
txn_101656,1335.72,73,20,1,0,0,net_banking,9,0
txn_101657,1000.27,84,1,0,0,1,credit_card,9,0
txn_101658,3279.48,273,1,1,0,0,upi,19,0
txn_101659,1273.62,282,0,0,1,0,credit_card,15,0
txn_101660,2213.0,70,4,0,0,0,debit_card,12,0
txn_101661,3143.27,2,1,0,0,0,credit_card,6,0
txn_101662,948.23,279,15,0,0,0,credit_card,13,0
txn_101663,9065.43,10,2,0,0,0,net_banking,10,0
txn_101664,2123.78,131,0,0,0,0,debit_card,14,0
txn_101665,3465.05,228,11,0,0,1,credit_card,13,0
txn_101666,286.54,12,2,0,0,1,net_banking,16,0
txn_101667,543.9,284,5,0,0,0,net_banking,15,0
txn_101668,1406.45,118,0,0,0,0,upi,14,0
txn_101669,328.49,2,4,0,1,0,credit_card,20,0
txn_101670,647.51,7,3,0,0,0,credit_card,16,0
txn_101671,766.23,5,4,1,0,0,credit_card,20,0
txn_101672,596.56,758,2,0,0,0,debit_card,20,0
txn_101673,916.98,310,8,4,1,0,credit_card,13,0
txn_101674,3022.12,74,7,0,0,0,wallet,21,1
txn_101675,404.08,9,3,0,0,0,upi,23,0
txn_101676,1612.01,59,4,0,0,0,debit_card,19,0
txn_101677,13354.23,78,0,0,0,0,debit_card,17,0
txn_101678,1893.97,47,0,0,0,0,upi,13,0
txn_101679,1483.19,13,1,0,0,0,upi,3,0
txn_101680,5998.63,11,2,1,0,1,credit_card,19,0
txn_101681,636.7,189,9,1,0,0,credit_card,10,1
txn_101682,766.68,5,3,0,1,0,upi,23,0
txn_101683,2613.6,221,6,0,0,0,upi,10,0
txn_101684,540.72,105,0,0,0,0,upi,15,0
txn_101685,3585.71,13,3,0,0,0,credit_card,16,0
txn_101686,1136.29,180,2,0,0,0,credit_card,16,0
txn_101687,3437.15,165,17,0,0,0,upi,8,0
txn_101688,121.68,39,2,0,0,0,credit_card,8,0
txn_101689,1087.93,412,5,1,0,0,net_banking,20,0
txn_101690,265.65,0,1,0,0,0,credit_card,11,0
txn_101691,1823.01,9,1,0,0,0,upi,11,0
txn_101692,1701.83,11,3,1,0,0,upi,16,0
txn_101693,1525.44,79,2,0,0,0,net_banking,18,0
txn_101694,1199.24,116,1,0,0,0,debit_card,19,0
txn_101695,13945.07,333,1,0,0,0,credit_card,18,0
txn_101696,2631.81,208,10,4,0,1,debit_card,10,1
txn_101697,220.02,5,4,0,0,0,debit_card,10,0
txn_101698,2439.53,201,1,0,0,1,credit_card,18,0
txn_101699,1210.78,11,4,0,0,0,upi,22,0
txn_101700,1275.12,1,1,0,0,1,upi,16,0
txn_101701,740.44,154,7,0,0,0,credit_card,6,0
txn_101702,1309.38,42,2,0,0,0,upi,14,0
txn_101703,535.52,4,3,1,0,0,credit_card,13,0
txn_101704,827.68,43,16,0,1,0,upi,11,0
txn_101705,1057.3,79,6,0,0,0,debit_card,20,0
txn_101706,2696.09,113,1,0,0,0,net_banking,19,0
txn_101707,1450.28,33,0,0,0,0,debit_card,10,0
txn_101708,879.08,2,3,0,1,0,credit_card,12,0
txn_101709,1063.39,140,3,0,0,0,credit_card,10,0
txn_101710,1549.38,8,4,0,0,0,credit_card,1,0
txn_101711,6278.44,61,1,0,0,0,credit_card,12,0
txn_101712,1288.75,12,4,0,0,0,upi,11,0
txn_101713,708.03,148,2,0,0,0,wallet,12,0
txn_101714,2593.56,355,10,0,0,0,debit_card,19,0
txn_101715,476.97,516,4,0,1,0,credit_card,17,0
txn_101716,876.22,102,2,1,0,0,credit_card,11,0
txn_101717,853.83,57,4,0,0,0,net_banking,15,0
txn_101718,4194.18,113,3,0,0,0,debit_card,17,0
txn_101719,696.07,12,1,0,0,0,credit_card,19,0
txn_101720,1354.33,380,2,0,0,0,upi,19,0
txn_101721,453.43,41,1,0,0,1,net_banking,17,0
txn_101722,1118.4,56,10,4,1,0,upi,16,0
txn_101723,2480.06,187,3,0,0,0,credit_card,20,0
txn_101724,622.65,127,0,0,0,0,upi,10,0
txn_101725,3051.94,3,2,0,0,0,upi,17,0
txn_101726,3985.56,5,4,1,0,0,upi,19,0
txn_101727,3540.43,4,3,1,0,0,upi,17,0
txn_101728,1483.59,11,1,0,0,0,credit_card,9,0
txn_101729,231.84,373,1,0,0,0,upi,8,1
txn_101730,1605.62,283,3,0,1,1,upi,5,0
txn_101731,1190.21,367,3,0,0,0,upi,19,0
txn_101732,443.19,542,3,0,0,0,upi,8,0
txn_101733,1572.79,14,4,0,0,0,credit_card,5,0
txn_101734,2168.68,9,4,0,0,0,credit_card,19,0
txn_101735,783.62,199,6,0,1,1,upi,19,0
txn_101736,1975.82,2,4,1,1,0,wallet,14,0
txn_101737,693.83,14,1,0,0,0,credit_card,18,0
txn_101738,3208.97,349,1,0,0,0,credit_card,15,0
txn_101739,1363.94,526,1,0,0,0,credit_card,21,0
txn_101740,405.79,3,4,0,0,0,debit_card,9,0
txn_101741,526.61,134,3,0,0,0,credit_card,13,0
txn_101742,1604.43,549,0,0,0,0,debit_card,20,0
txn_101743,7735.9,174,5,0,0,0,net_banking,13,0
txn_101744,1157.27,122,1,0,0,0,credit_card,16,0
txn_101745,1606.38,181,0,0,1,1,credit_card,12,0
txn_101746,504.67,128,5,0,0,0,credit_card,5,0
txn_101747,1422.6,28,1,0,0,1,upi,14,0
txn_101748,4120.77,78,4,0,0,0,upi,7,0
txn_101749,1652.97,62,2,0,1,0,debit_card,16,0
txn_101750,4068.68,521,14,0,0,0,credit_card,0,0
txn_101751,146.96,192,2,0,0,0,net_banking,17,0
txn_101752,1317.86,16,0,0,0,1,credit_card,17,0
txn_101753,1323.94,17,4,0,0,1,debit_card,18,0
txn_101754,590.71,0,1,0,0,0,credit_card,12,0
txn_101755,713.51,1023,3,0,0,1,upi,15,0
txn_101756,1159.21,83,5,0,0,0,upi,20,0
txn_101757,412.92,11,3,0,0,0,credit_card,19,0
txn_101758,533.97,15,5,0,0,0,upi,16,0
txn_101759,501.21,10,4,1,0,0,net_banking,19,0
txn_101760,1622.6,82,3,0,0,0,credit_card,15,0
txn_101761,1112.74,106,0,0,0,0,credit_card,22,0
txn_101762,758.38,237,1,0,0,0,upi,14,0
txn_101763,1355.32,14,4,1,0,0,debit_card,22,0
txn_101764,3075.68,10,1,0,0,0,wallet,20,0
txn_101765,1088.5,13,3,0,1,0,credit_card,10,0
txn_101766,750.09,107,4,0,0,0,debit_card,0,0
txn_101767,424.22,238,12,0,0,0,credit_card,17,0
txn_101768,1115.85,26,3,0,0,0,upi,19,0
txn_101769,642.73,6,4,0,0,0,credit_card,18,0
txn_101770,1376.75,7,1,0,0,0,upi,13,0
txn_101771,1992.98,199,7,1,0,0,debit_card,16,0
txn_101772,1081.75,11,3,0,0,0,upi,16,0
txn_101773,2578.02,365,13,1,0,0,credit_card,22,0
txn_101774,840.51,137,6,2,0,0,upi,22,0
txn_101775,1372.41,86,0,0,0,0,debit_card,12,0
txn_101776,2779.2,14,3,0,0,0,upi,13,0
txn_101777,2200.63,24,1,0,0,0,debit_card,5,1
txn_101778,1133.61,199,1,0,0,1,wallet,17,0
txn_101779,1683.73,11,4,0,1,0,debit_card,13,0
txn_101780,1639.78,57,3,0,0,0,credit_card,8,0
txn_101781,1270.28,803,5,0,0,0,net_banking,17,0
txn_101782,448.05,259,3,0,0,0,credit_card,12,0
txn_101783,1168.77,214,0,0,0,1,credit_card,11,0
txn_101784,2918.88,130,1,0,1,0,credit_card,12,0
txn_101785,6514.38,13,4,0,0,0,net_banking,11,0
txn_101786,420.32,473,6,0,0,0,credit_card,14,0
txn_101787,535.49,237,1,1,0,0,debit_card,11,0
txn_101788,179.29,9,2,0,0,0,debit_card,7,0
txn_101789,912.85,9,1,0,0,0,credit_card,21,0
txn_101790,1697.0,225,12,1,0,0,credit_card,11,0
txn_101791,1014.1,12,2,0,0,0,net_banking,13,0
txn_101792,149.03,21,5,0,0,0,credit_card,11,0
txn_101793,3423.64,82,0,0,0,0,credit_card,14,0
txn_101794,1331.15,40,4,0,0,0,debit_card,13,0
txn_101795,1177.09,346,7,0,0,0,wallet,17,0
txn_101796,2192.46,401,2,0,0,0,debit_card,10,0
txn_101797,14449.38,219,4,0,0,0,debit_card,5,0
txn_101798,3371.81,317,0,0,0,0,credit_card,9,0
txn_101799,1084.24,68,0,0,0,0,net_banking,19,0
txn_101800,2016.21,34,1,1,0,0,debit_card,18,0
txn_101801,419.83,41,3,0,0,0,net_banking,9,0
txn_101802,1231.59,141,5,0,0,0,debit_card,15,0
txn_101803,1415.97,157,0,0,0,0,credit_card,17,0
txn_101804,4397.0,715,5,0,0,0,debit_card,19,0
txn_101805,1114.17,64,7,0,0,1,debit_card,0,0
txn_101806,1144.08,84,12,0,0,0,credit_card,18,0
txn_101807,3517.79,33,2,1,0,0,debit_card,19,0
txn_101808,1050.07,76,0,0,0,0,credit_card,7,0
txn_101809,2551.21,501,2,0,1,0,upi,19,0
txn_101810,4428.35,123,0,0,0,0,credit_card,21,0
txn_101811,2665.11,49,0,0,0,0,credit_card,16,0
txn_101812,4239.34,58,6,0,0,0,net_banking,20,0
txn_101813,1474.06,844,1,0,1,0,credit_card,10,0
txn_101814,711.85,226,16,2,0,0,debit_card,17,0
txn_101815,1461.36,192,16,0,0,0,upi,19,0
txn_101816,828.14,1,2,0,0,0,debit_card,19,0
txn_101817,4125.72,9,4,0,0,0,wallet,9,0
txn_101818,1396.38,114,0,0,0,0,upi,12,0
txn_101819,2573.27,229,3,0,0,0,net_banking,5,0
txn_101820,1742.58,100,2,0,0,1,wallet,10,1
txn_101821,337.75,348,0,0,0,0,upi,19,0
txn_101822,3178.48,158,2,0,0,0,debit_card,16,0
txn_101823,2562.34,61,0,0,0,0,debit_card,19,0
txn_101824,1049.42,192,3,0,0,0,credit_card,19,0
txn_101825,41490.1,55,8,1,0,0,upi,14,0
txn_101826,1916.02,84,1,0,0,0,credit_card,19,0
txn_101827,1002.96,144,7,0,0,0,debit_card,17,0
txn_101828,2060.33,292,1,0,0,1,net_banking,17,0
txn_101829,2178.79,353,5,0,0,0,credit_card,18,0
txn_101830,247.23,1,2,0,0,0,debit_card,20,0
txn_101831,4348.95,143,1,0,0,0,debit_card,12,0
txn_101832,2116.66,146,14,0,0,0,debit_card,18,0
txn_101833,654.22,208,4,0,0,0,upi,15,0
txn_101834,1463.43,256,1,0,0,0,credit_card,8,0
txn_101835,2931.5,557,5,0,0,0,credit_card,15,0
txn_101836,2472.01,264,3,0,0,0,credit_card,20,0
txn_101837,1819.62,308,2,0,0,0,credit_card,18,0
txn_101838,1141.4,247,0,0,0,0,upi,14,0
txn_101839,327.6,57,2,0,0,0,upi,17,0
txn_101840,2285.76,602,0,0,0,1,debit_card,21,0
txn_101841,803.21,1005,0,0,0,0,credit_card,12,0
txn_101842,1254.98,172,1,0,0,0,upi,12,0
txn_101843,237.6,74,1,0,1,1,credit_card,9,0
txn_101844,1491.24,32,7,0,1,0,credit_card,11,0
txn_101845,2885.12,25,0,0,0,0,credit_card,23,0
txn_101846,865.41,39,23,0,1,0,wallet,17,0
txn_101847,1930.91,169,6,0,0,0,debit_card,16,0
txn_101848,832.62,117,1,0,0,0,upi,9,0
txn_101849,1543.94,71,9,0,0,0,net_banking,14,0
txn_101850,5755.82,7,3,0,0,0,credit_card,4,0
txn_101851,874.87,13,4,0,0,0,credit_card,7,0
txn_101852,642.8,12,3,1,0,0,credit_card,16,0
txn_101853,710.04,10,3,0,1,0,net_banking,19,0
txn_101854,2353.53,663,0,0,0,0,net_banking,22,0
txn_101855,1551.18,68,0,0,0,0,credit_card,14,0
txn_101856,3316.46,4,1,0,0,0,credit_card,8,0
txn_101857,1428.22,125,1,0,0,0,debit_card,11,0
txn_101858,1369.94,114,3,0,1,0,debit_card,22,0
txn_101859,678.27,1,4,0,0,1,upi,8,0
txn_101860,985.15,10,4,0,0,0,debit_card,15,0
txn_101861,5695.24,6,2,0,0,0,upi,1,0
txn_101862,504.24,0,3,1,0,0,upi,21,0
txn_101863,912.05,33,2,1,0,0,upi,16,0
txn_101864,2874.7,107,5,0,0,0,credit_card,12,0
txn_101865,603.72,51,0,0,1,0,upi,18,0
txn_101866,777.93,3,2,0,0,0,credit_card,13,0
txn_101867,2169.41,46,7,0,0,0,credit_card,13,0
txn_101868,2315.29,120,3,0,0,0,upi,16,0
txn_101869,2697.86,123,8,0,0,0,credit_card,17,0
txn_101870,604.95,339,3,0,0,0,credit_card,19,0
txn_101871,1114.22,188,1,0,0,0,credit_card,11,0
txn_101872,2758.41,71,1,0,0,0,upi,13,0
txn_101873,685.59,169,9,0,0,0,credit_card,8,0
txn_101874,1144.93,230,3,0,0,0,debit_card,12,0
txn_101875,937.39,9,3,0,0,0,upi,18,0
txn_101876,1002.5,1,1,0,0,0,upi,8,0
txn_101877,4972.45,57,5,0,0,0,wallet,20,0
txn_101878,863.99,102,0,0,0,0,upi,16,0
txn_101879,917.98,106,0,0,0,0,credit_card,19,0
txn_101880,4505.26,56,2,0,0,0,net_banking,1,0
txn_101881,248.93,141,4,0,0,1,debit_card,23,1
txn_101882,766.78,159,0,0,1,0,credit_card,19,0
txn_101883,2922.09,12,3,1,0,1,credit_card,11,0
txn_101884,5997.44,212,0,0,0,0,credit_card,6,0
txn_101885,4075.85,70,0,0,1,0,debit_card,8,1
txn_101886,2012.97,206,5,0,0,0,net_banking,6,0
txn_101887,1158.08,112,9,0,1,0,credit_card,11,0
txn_101888,1355.15,55,1,0,0,1,credit_card,8,1
txn_101889,3833.46,763,0,0,0,1,upi,8,0
txn_101890,2172.78,2,3,0,0,0,net_banking,9,0
txn_101891,925.83,206,7,0,0,0,debit_card,17,0
txn_101892,1243.57,644,2,0,0,1,debit_card,22,1
txn_101893,567.29,79,26,0,0,0,net_banking,8,0
txn_101894,987.93,59,1,0,0,0,wallet,10,0
txn_101895,403.65,417,0,0,0,0,debit_card,16,0
txn_101896,1058.14,95,3,0,1,0,debit_card,17,0
txn_101897,2042.29,91,1,0,0,0,debit_card,18,0
txn_101898,1994.5,40,0,0,0,1,credit_card,6,0
txn_101899,618.93,471,17,0,0,0,credit_card,6,0
txn_101900,4184.66,312,2,0,0,0,upi,14,0
txn_101901,479.75,6,1,0,0,0,credit_card,16,0
txn_101902,1488.06,75,8,1,0,0,credit_card,0,0
txn_101903,922.97,160,1,0,0,0,credit_card,20,0
txn_101904,314.03,12,2,0,0,0,upi,17,0
txn_101905,3105.7,22,0,0,0,1,credit_card,20,0
txn_101906,3306.02,377,0,0,0,0,upi,15,0
txn_101907,1236.78,69,2,0,0,1,credit_card,15,0
txn_101908,696.02,19,15,2,0,0,credit_card,16,0
txn_101909,5004.16,33,9,0,0,0,upi,16,0
txn_101910,3930.83,159,1,0,0,0,upi,19,0
txn_101911,2114.52,197,0,0,0,0,credit_card,7,0
txn_101912,247.85,125,1,0,0,0,credit_card,10,0
txn_101913,733.69,9,3,0,0,0,upi,20,0
txn_101914,1314.49,282,1,0,0,0,credit_card,11,0
txn_101915,706.43,277,0,0,1,0,credit_card,20,0
txn_101916,884.22,89,3,0,0,0,credit_card,9,0
txn_101917,2256.26,64,0,0,0,0,credit_card,10,0
txn_101918,1822.62,10,4,1,1,0,upi,13,0
txn_101919,1213.97,179,1,0,0,1,credit_card,14,0
txn_101920,1005.91,1,2,0,0,0,upi,13,0
txn_101921,817.87,265,0,0,0,0,credit_card,10,0
txn_101922,258.53,9,2,0,0,0,credit_card,7,0
txn_101923,1622.54,11,1,0,0,0,upi,11,0
txn_101924,3827.41,97,5,0,0,0,credit_card,19,0
txn_101925,2016.07,59,1,0,0,0,credit_card,12,0
txn_101926,899.88,342,0,0,0,0,credit_card,16,0
txn_101927,4814.26,214,2,0,0,0,upi,18,0
txn_101928,2112.33,9,1,0,0,0,credit_card,11,0
txn_101929,2202.16,192,1,0,0,0,credit_card,17,0
txn_101930,3350.23,45,4,1,0,0,net_banking,8,0
txn_101931,3286.19,4,3,0,0,0,credit_card,11,0
txn_101932,1052.08,4,4,0,0,0,wallet,18,0
txn_101933,2167.12,55,3,0,0,0,credit_card,19,0
txn_101934,2347.03,6,4,0,0,0,net_banking,20,0
txn_101935,4617.37,135,7,2,0,0,debit_card,13,0
txn_101936,646.57,174,6,0,0,1,debit_card,9,1
txn_101937,1563.71,39,3,0,0,0,net_banking,18,0
txn_101938,4640.28,238,3,0,0,0,net_banking,7,0
txn_101939,15450.07,380,0,0,0,0,debit_card,15,0
txn_101940,2545.41,231,8,0,0,0,credit_card,4,0
txn_101941,651.72,40,7,0,0,0,net_banking,17,0
txn_101942,1239.43,71,2,0,0,0,upi,19,0
txn_101943,2286.09,15,6,0,0,0,debit_card,11,0
txn_101944,1456.42,616,5,0,0,0,net_banking,15,0
txn_101945,1329.64,182,0,0,0,1,credit_card,17,0
txn_101946,1560.52,117,2,0,1,0,credit_card,17,0
txn_101947,3874.61,9,1,0,0,0,debit_card,19,0
txn_101948,534.51,236,2,0,0,0,upi,7,0
txn_101949,340.63,5,3,0,0,0,upi,8,0
txn_101950,1212.07,4,1,1,0,0,debit_card,21,0
txn_101951,3945.69,135,0,0,0,0,credit_card,14,0
txn_101952,2289.88,14,2,0,0,0,debit_card,13,0
txn_101953,300.69,113,7,0,0,0,credit_card,10,0
txn_101954,1007.67,22,13,1,0,0,debit_card,16,0
txn_101955,975.65,44,1,0,0,0,credit_card,9,0
txn_101956,1026.54,7,3,0,0,0,debit_card,20,1
txn_101957,441.4,55,0,0,0,0,debit_card,13,0
txn_101958,612.82,60,6,2,0,0,credit_card,12,0
txn_101959,1952.33,12,1,0,0,0,upi,1,0
txn_101960,1995.22,160,2,0,0,0,credit_card,20,0
txn_101961,2379.71,2,4,1,0,1,net_banking,9,1
txn_101962,876.8,13,3,0,0,1,upi,14,0
txn_101963,258.34,776,10,4,0,0,debit_card,14,0
txn_101964,2704.62,117,2,1,0,0,debit_card,11,0
txn_101965,1975.74,18,11,0,0,0,upi,10,0
txn_101966,2234.26,11,2,0,0,0,credit_card,17,0
txn_101967,3937.14,88,0,0,0,1,upi,6,0
txn_101968,563.25,44,3,0,0,0,debit_card,20,0
txn_101969,697.85,5,2,0,1,0,credit_card,13,0
txn_101970,1050.67,102,7,1,0,0,net_banking,17,0
txn_101971,2211.62,96,1,0,0,0,wallet,15,0
txn_101972,1835.7,12,4,2,0,0,upi,12,0
txn_101973,792.06,89,8,0,0,1,upi,18,0
txn_101974,1819.95,113,3,0,1,1,upi,16,0
txn_101975,1589.21,63,5,0,0,1,debit_card,22,0
txn_101976,158.29,73,3,0,1,0,credit_card,11,0
txn_101977,676.77,114,0,0,0,1,upi,8,0
txn_101978,5002.7,115,6,2,0,0,net_banking,21,0
txn_101979,3797.33,373,0,0,0,0,credit_card,14,0
txn_101980,1554.83,32,1,0,0,0,upi,12,0
txn_101981,1284.32,108,8,1,0,0,upi,15,0
txn_101982,2794.44,63,4,0,0,0,upi,9,0
txn_101983,567.28,2,4,0,0,0,upi,14,0
txn_101984,960.34,835,9,1,0,0,credit_card,11,0
txn_101985,545.24,165,3,0,0,0,upi,13,0
txn_101986,612.79,452,0,0,1,1,upi,21,0
txn_101987,2556.9,415,3,0,0,0,wallet,20,0
txn_101988,1415.43,32,0,0,0,0,credit_card,20,0
txn_101989,1663.1,11,2,0,0,0,credit_card,14,0
txn_101990,3754.57,0,1,0,0,0,credit_card,17,0
txn_101991,169.45,137,0,0,0,0,credit_card,10,0
txn_101992,806.87,9,1,0,1,0,debit_card,10,0
txn_101993,8034.13,292,2,0,0,0,debit_card,19,0
txn_101994,132.94,230,4,1,0,0,wallet,13,0
txn_101995,436.09,138,9,0,0,0,credit_card,12,0
txn_101996,1576.75,115,6,0,0,0,net_banking,15,0
txn_101997,5329.25,364,7,0,0,0,credit_card,9,0
txn_101998,1391.36,130,2,0,0,0,debit_card,19,0
txn_101999,122.79,203,5,0,0,1,credit_card,18,0
txn_102000,3112.94,95,3,0,0,1,debit_card,11,0
txn_102001,1885.75,270,2,0,0,0,credit_card,17,0
txn_102002,380.45,643,1,0,1,0,upi,0,0
txn_102003,750.11,2,1,0,0,0,upi,17,0
txn_102004,2883.55,189,0,0,0,0,credit_card,11,0
txn_102005,601.17,13,4,0,0,0,net_banking,19,0
txn_102006,1321.61,148,3,1,0,0,credit_card,18,0
txn_102007,2137.98,327,1,0,0,0,upi,12,0
txn_102008,4121.91,230,2,0,0,0,debit_card,13,0
txn_102009,6173.95,1,3,0,0,0,upi,11,0
txn_102010,875.95,20,14,5,0,0,net_banking,13,0
txn_102011,6790.42,116,11,0,0,0,credit_card,12,0
txn_102012,2302.24,42,1,0,0,0,upi,19,0
txn_102013,853.51,582,10,4,0,0,upi,11,0
txn_102014,688.55,10,2,0,0,0,credit_card,13,0
txn_102015,708.92,36,5,2,0,0,upi,17,0
txn_102016,1301.97,98,4,1,0,0,net_banking,21,0
txn_102017,1028.2,289,2,0,0,0,upi,18,0
txn_102018,1522.18,323,9,0,0,0,debit_card,18,0
txn_102019,1293.26,221,1,0,0,1,net_banking,7,0
txn_102020,2656.07,12,2,0,0,0,upi,12,0
txn_102021,834.84,9,4,0,0,0,upi,18,0
txn_102022,1987.02,225,0,0,0,0,upi,15,0
txn_102023,6133.69,3,4,0,0,0,credit_card,11,0
txn_102024,1794.92,46,6,1,0,0,upi,20,0
txn_102025,1758.69,246,7,0,0,0,upi,18,0
txn_102026,1202.74,180,4,1,0,1,credit_card,9,0
txn_102027,1190.45,287,1,0,1,0,debit_card,16,0
txn_102028,1406.5,0,1,0,0,0,credit_card,11,0
txn_102029,1049.37,42,6,0,0,1,debit_card,18,0
txn_102030,1343.37,217,7,0,0,0,debit_card,19,0
txn_102031,423.47,59,0,0,1,0,net_banking,14,0
txn_102032,226.09,47,10,0,0,0,upi,20,0
txn_102033,1160.47,249,1,0,0,0,credit_card,16,0
txn_102034,3245.58,56,0,0,0,0,debit_card,16,0
txn_102035,504.98,486,6,1,0,0,upi,21,0
txn_102036,496.6,225,14,5,0,0,net_banking,9,0
txn_102037,955.12,25,0,0,0,1,upi,17,0
txn_102038,470.43,7,3,0,0,1,credit_card,17,0
txn_102039,3767.38,205,4,0,0,0,upi,19,0
txn_102040,1641.66,186,0,0,0,0,credit_card,11,0
txn_102041,573.54,808,3,0,0,0,credit_card,8,0
txn_102042,3045.27,361,7,0,0,1,debit_card,22,0
txn_102043,6200.22,321,0,0,0,0,credit_card,21,0
txn_102044,4791.01,13,1,0,0,0,credit_card,10,0
txn_102045,1323.6,114,4,0,0,0,credit_card,21,0
txn_102046,1942.57,7,3,1,0,0,upi,7,0
txn_102047,2473.95,5,3,0,0,0,upi,11,0
txn_102048,436.44,270,1,0,0,0,credit_card,22,0
txn_102049,7482.12,72,0,0,0,0,upi,19,0
txn_102050,1965.81,336,0,0,0,0,debit_card,11,0
txn_102051,184.41,33,1,0,0,0,upi,1,0
txn_102052,1951.64,106,12,0,0,0,credit_card,19,0
txn_102053,8968.72,4,4,0,0,0,net_banking,21,0
txn_102054,669.1,27,2,0,0,0,upi,22,0
txn_102055,2583.36,2,3,0,0,0,upi,19,0
txn_102056,2532.28,65,1,0,0,0,credit_card,11,0
txn_102057,459.14,385,4,0,0,0,credit_card,17,0
txn_102058,2525.38,232,0,0,0,0,credit_card,19,0
txn_102059,2190.04,92,0,0,0,1,credit_card,17,0
txn_102060,1666.03,32,9,0,1,0,upi,5,0
txn_102061,417.38,187,18,0,0,0,upi,14,0
txn_102062,3598.94,179,1,0,0,1,credit_card,19,0
txn_102063,177.71,10,2,0,0,0,credit_card,17,0
txn_102064,2402.66,6,2,0,0,0,wallet,15,0
txn_102065,1412.75,251,1,0,0,0,credit_card,16,0
txn_102066,780.21,18,7,1,0,0,debit_card,20,0
txn_102067,1229.71,99,0,0,0,0,upi,22,0
txn_102068,1148.5,9,4,0,0,1,upi,19,0
txn_102069,823.67,8,4,1,0,0,debit_card,16,0
txn_102070,1544.03,11,3,0,1,1,upi,19,0
txn_102071,505.24,241,2,0,0,1,upi,13,1
txn_102072,1879.46,7,2,0,0,0,upi,17,0
txn_102073,3751.2,18,2,0,0,0,credit_card,9,0
txn_102074,3001.08,431,2,0,0,0,debit_card,12,0
txn_102075,741.03,0,4,0,0,0,credit_card,23,0
txn_102076,1390.6,268,1,0,0,1,credit_card,12,0
txn_102077,2513.9,13,4,0,0,0,credit_card,18,0
txn_102078,1307.12,97,1,1,0,0,credit_card,21,0
txn_102079,1905.25,4,3,0,0,0,upi,11,0
txn_102080,623.18,44,2,0,0,1,net_banking,19,0
txn_102081,789.12,377,0,0,0,0,credit_card,13,0
txn_102082,5385.97,143,8,0,0,0,upi,13,0
txn_102083,687.9,64,1,0,0,0,upi,20,0
txn_102084,1250.4,290,3,1,0,1,net_banking,13,0
txn_102085,805.52,121,1,0,0,0,upi,7,0
txn_102086,1060.56,167,5,0,0,0,credit_card,22,0
txn_102087,507.47,113,16,6,0,0,net_banking,6,0
txn_102088,759.36,167,18,7,0,1,upi,16,0
txn_102089,1359.19,337,2,0,1,0,debit_card,13,0
txn_102090,1410.74,202,1,0,0,0,net_banking,19,0
txn_102091,406.66,9,2,0,0,0,credit_card,17,0
txn_102092,252.46,232,2,0,0,0,upi,17,0
txn_102093,4624.84,27,1,0,0,0,debit_card,19,0
txn_102094,522.24,139,8,1,0,0,credit_card,21,0
txn_102095,570.16,461,4,0,0,0,upi,20,0
txn_102096,1292.41,374,0,0,0,0,debit_card,10,0
txn_102097,3306.6,54,0,0,0,0,debit_card,15,0
txn_102098,1703.97,135,3,0,0,0,net_banking,19,0
txn_102099,4043.17,8,1,0,0,0,debit_card,21,0
txn_102100,3448.69,8,1,0,0,0,upi,20,0
txn_102101,1746.42,9,4,1,0,0,upi,18,0
txn_102102,790.72,5,2,0,0,0,credit_card,7,0
txn_102103,501.08,3,1,0,1,0,net_banking,16,0
txn_102104,361.11,186,1,0,0,0,upi,12,0
txn_102105,2116.94,8,1,0,0,0,credit_card,9,0
txn_102106,4455.34,506,3,0,0,0,upi,15,0
txn_102107,2495.87,40,0,0,0,0,credit_card,8,0
txn_102108,4451.45,197,1,1,0,0,debit_card,21,0
txn_102109,1515.08,5,3,0,0,0,credit_card,10,0
txn_102110,777.46,10,4,1,0,0,net_banking,9,0
txn_102111,1902.78,52,4,0,0,1,net_banking,21,0
txn_102112,277.74,310,0,0,0,0,credit_card,19,0
txn_102113,4307.84,70,15,1,0,0,credit_card,15,0
txn_102114,3516.97,117,0,0,0,0,upi,14,0
txn_102115,1376.51,136,5,0,0,0,upi,19,0
txn_102116,1155.74,589,10,2,1,1,upi,10,0
txn_102117,2020.81,133,2,0,0,0,credit_card,12,0
txn_102118,1572.86,364,5,2,0,0,credit_card,8,0
txn_102119,7890.19,7,3,0,0,0,credit_card,8,0
txn_102120,2804.87,198,0,0,0,0,credit_card,16,0
txn_102121,2914.6,108,2,0,0,0,credit_card,18,0
txn_102122,4702.26,51,0,0,0,1,upi,15,0
txn_102123,4750.06,22,2,0,0,0,net_banking,17,0
txn_102124,730.49,106,2,0,0,0,debit_card,9,0
txn_102125,956.36,30,4,1,0,0,upi,14,0
txn_102126,280.0,73,10,0,0,0,upi,19,0
txn_102127,733.1,88,6,0,0,0,net_banking,16,0
txn_102128,841.99,63,0,0,0,0,credit_card,6,0
txn_102129,1737.03,131,1,0,0,0,credit_card,18,0
txn_102130,2776.23,110,4,0,0,0,credit_card,19,0
txn_102131,2934.61,15,0,0,0,0,net_banking,13,0
txn_102132,926.41,489,8,0,0,0,upi,14,0
txn_102133,811.93,328,2,0,0,0,upi,19,0
txn_102134,3708.27,9,3,0,0,0,upi,12,0
txn_102135,13208.85,395,4,1,0,1,debit_card,12,0
txn_102136,703.11,14,3,0,0,0,debit_card,11,0
txn_102137,3614.91,184,3,0,1,0,credit_card,9,0
txn_102138,343.64,33,1,0,0,0,credit_card,18,0
txn_102139,2164.74,200,2,0,0,0,credit_card,2,0
txn_102140,2378.83,70,7,0,0,0,debit_card,12,0
txn_102141,10432.85,556,1,0,1,0,net_banking,11,0
txn_102142,1256.58,95,0,0,1,0,credit_card,11,0
txn_102143,1702.66,4,1,0,0,0,credit_card,12,0
txn_102144,745.74,67,13,5,1,0,net_banking,13,1
txn_102145,4452.87,44,13,0,0,0,debit_card,22,0
txn_102146,1031.21,79,0,0,0,1,upi,21,0
txn_102147,2764.88,199,1,0,0,0,debit_card,12,0
txn_102148,2096.44,310,15,6,0,0,upi,22,0
txn_102149,1035.12,84,4,0,0,0,credit_card,14,0
txn_102150,492.94,34,4,1,0,0,credit_card,13,0
txn_102151,1299.52,168,3,0,0,0,upi,8,0
txn_102152,4056.05,288,10,0,0,0,credit_card,13,0
txn_102153,837.08,216,2,0,0,0,credit_card,19,0
txn_102154,9939.6,5,1,0,1,0,net_banking,9,0
txn_102155,856.79,61,1,0,0,0,upi,20,0
txn_102156,177.7,609,14,6,1,0,upi,19,0
txn_102157,2962.95,96,0,0,0,0,credit_card,23,0
txn_102158,1622.35,129,6,0,0,0,credit_card,21,0
txn_102159,665.14,215,4,0,0,1,credit_card,14,0
txn_102160,3397.55,705,5,0,0,0,credit_card,13,0
txn_102161,3292.85,322,7,2,0,0,credit_card,22,0
txn_102162,1687.22,3,1,0,0,0,debit_card,12,0
txn_102163,1331.93,73,1,0,0,0,debit_card,10,0
txn_102164,456.09,428,3,1,1,0,upi,21,0
txn_102165,362.52,252,4,0,0,0,credit_card,18,0
txn_102166,1830.59,206,2,0,1,0,upi,13,0
txn_102167,2498.11,140,1,0,0,0,upi,11,0
txn_102168,3893.62,174,1,1,0,0,upi,5,0
txn_102169,461.17,134,1,0,0,0,upi,9,0
txn_102170,480.69,162,3,0,0,0,credit_card,22,0
txn_102171,1906.33,3,2,0,0,1,credit_card,13,0
txn_102172,1372.64,158,1,0,0,0,credit_card,23,0
txn_102173,1012.4,331,6,0,0,0,debit_card,18,0
txn_102174,869.66,14,3,0,0,0,debit_card,1,0
txn_102175,1163.69,371,2,0,0,0,debit_card,21,0
txn_102176,932.02,39,1,0,0,0,debit_card,16,0
txn_102177,1014.58,274,4,1,0,0,net_banking,17,0
txn_102178,3043.38,241,1,0,0,0,credit_card,10,0
txn_102179,2256.95,332,5,0,0,0,credit_card,0,0
txn_102180,2094.98,367,16,6,0,0,wallet,13,0
txn_102181,242.93,46,7,0,0,0,debit_card,19,0
txn_102182,1260.3,9,4,0,0,0,debit_card,15,0
txn_102183,1915.89,6,3,0,0,0,debit_card,16,0
txn_102184,897.73,150,7,0,0,0,net_banking,17,0
txn_102185,511.8,8,4,0,0,0,net_banking,14,0
txn_102186,470.3,10,4,0,0,0,net_banking,19,0
txn_102187,363.54,12,4,0,0,0,wallet,17,0
txn_102188,204.75,3,2,0,0,0,credit_card,13,0
txn_102189,4111.5,13,3,1,0,0,credit_card,9,0
txn_102190,3912.17,104,0,0,0,0,upi,6,0
txn_102191,1770.26,70,1,0,0,0,credit_card,16,0
txn_102192,741.91,290,13,0,1,0,debit_card,18,0
txn_102193,3269.24,5,4,0,0,0,credit_card,10,0
txn_102194,6827.18,40,5,0,0,0,wallet,18,0
txn_102195,1441.25,129,10,1,0,0,credit_card,9,0
txn_102196,1529.64,109,9,1,0,0,credit_card,18,0
txn_102197,299.64,129,1,0,0,0,credit_card,18,0
txn_102198,1307.72,14,3,0,0,0,upi,17,0
txn_102199,461.24,108,4,0,0,0,upi,14,0
txn_102200,1923.19,62,3,0,0,0,credit_card,1,0
txn_102201,522.05,137,4,1,1,0,debit_card,16,0
txn_102202,2969.09,29,2,0,0,1,credit_card,8,0
txn_102203,1300.42,352,3,0,0,0,debit_card,15,0
txn_102204,1239.49,3,3,0,0,0,credit_card,9,0
txn_102205,1851.23,616,1,0,0,0,upi,8,0
txn_102206,988.5,436,2,0,0,0,net_banking,12,0
txn_102207,730.45,172,3,0,0,1,credit_card,16,0
txn_102208,968.45,129,4,1,0,0,credit_card,10,0
txn_102209,1387.04,90,14,0,1,0,upi,20,0
txn_102210,2559.48,218,3,0,0,0,net_banking,22,0
txn_102211,2426.54,165,2,0,0,0,upi,17,0
txn_102212,3096.05,177,6,0,0,0,credit_card,19,0
txn_102213,654.52,219,11,0,0,0,credit_card,7,0
txn_102214,2407.47,113,1,0,0,0,credit_card,16,0
txn_102215,1874.58,607,2,0,0,0,net_banking,22,0
txn_102216,636.88,295,5,0,1,0,credit_card,16,0
txn_102217,690.13,196,2,0,0,0,credit_card,18,0
txn_102218,2126.89,516,4,0,0,0,upi,7,0
txn_102219,580.52,315,3,0,0,0,credit_card,12,0
txn_102220,823.68,175,3,0,0,0,upi,8,0
txn_102221,716.03,7,2,0,0,0,upi,9,0
txn_102222,1592.2,18,5,0,0,0,credit_card,7,0
txn_102223,305.67,2,4,1,0,0,net_banking,7,0
txn_102224,2041.19,195,0,0,0,0,credit_card,12,0
txn_102225,2521.69,9,2,0,1,0,debit_card,16,0
txn_102226,541.8,252,5,0,0,0,credit_card,18,0
txn_102227,2481.69,138,11,0,0,0,upi,9,0
txn_102228,2204.32,13,4,0,1,0,debit_card,12,0
txn_102229,460.56,83,1,0,0,0,credit_card,19,0
txn_102230,3100.77,121,4,1,1,0,credit_card,18,1
txn_102231,345.82,14,1,0,0,0,debit_card,15,0
txn_102232,1984.88,22,1,0,0,0,debit_card,12,0
txn_102233,1054.46,500,3,0,0,0,credit_card,14,0
txn_102234,1983.74,2,1,0,0,0,net_banking,11,0
txn_102235,973.39,3,4,0,0,0,wallet,10,0
txn_102236,1448.88,562,3,0,0,0,credit_card,15,0
txn_102237,1251.36,69,11,0,0,0,credit_card,16,0
txn_102238,787.55,30,1,0,0,0,credit_card,21,0
txn_102239,1815.92,10,2,0,0,0,wallet,13,0
txn_102240,1224.95,12,2,0,1,0,debit_card,8,0
txn_102241,703.17,35,0,0,0,0,upi,9,0
txn_102242,739.22,88,0,0,0,0,upi,16,0
txn_102243,1317.06,13,2,0,0,0,credit_card,1,0
txn_102244,359.19,66,0,0,0,0,credit_card,16,0
txn_102245,824.35,0,3,0,0,0,debit_card,23,0
txn_102246,1330.55,144,0,0,0,0,credit_card,9,0
txn_102247,673.48,25,0,0,0,0,credit_card,18,0
txn_102248,842.28,567,0,0,0,0,net_banking,9,0
txn_102249,440.25,17,0,0,0,0,credit_card,16,0
txn_102250,1266.01,280,3,0,0,0,debit_card,16,0
txn_102251,826.17,363,0,0,0,0,upi,9,0
txn_102252,859.47,53,1,0,0,0,net_banking,5,0
txn_102253,4120.13,194,1,0,0,1,debit_card,19,0
txn_102254,2483.89,337,0,0,0,0,wallet,17,0
txn_102255,1773.78,134,0,0,1,1,credit_card,11,0
txn_102256,5973.21,1,3,0,0,1,upi,9,0
txn_102257,439.11,174,0,0,0,0,upi,20,0
txn_102258,1235.4,321,0,0,1,0,credit_card,21,0
txn_102259,602.67,541,15,2,1,0,credit_card,10,0
txn_102260,2227.87,68,13,1,0,0,credit_card,11,0
txn_102261,360.94,76,13,1,0,0,debit_card,19,0
txn_102262,1531.16,233,10,0,0,1,credit_card,15,0
txn_102263,532.02,109,2,0,1,0,credit_card,15,0
txn_102264,4300.6,163,6,0,0,1,credit_card,17,0
txn_102265,4428.73,0,4,0,0,0,upi,10,0
txn_102266,745.67,81,18,0,1,0,credit_card,8,0
txn_102267,764.12,24,1,0,0,0,debit_card,14,0
txn_102268,1461.36,10,4,1,0,0,debit_card,8,0
txn_102269,2315.86,3,1,0,0,0,credit_card,17,0
txn_102270,2201.59,6,4,0,0,0,net_banking,18,0
txn_102271,1304.9,8,2,0,0,0,credit_card,12,0
txn_102272,1128.68,44,3,1,0,0,wallet,11,0
txn_102273,1245.6,12,4,0,0,0,credit_card,20,0
txn_102274,2804.81,39,3,0,0,0,upi,15,0
txn_102275,2632.45,4,3,0,0,0,upi,11,0
txn_102276,716.07,740,13,0,0,0,credit_card,4,0
txn_102277,3759.77,24,0,0,0,1,credit_card,16,0
txn_102278,4074.86,67,2,0,0,1,upi,16,0
txn_102279,5249.79,151,5,2,0,0,net_banking,14,0
txn_102280,816.77,28,0,0,0,0,debit_card,17,0
txn_102281,982.25,431,2,0,0,0,debit_card,9,0
txn_102282,17030.8,265,6,0,1,0,wallet,10,0
txn_102283,5008.67,4,4,0,0,0,upi,16,0
txn_102284,2463.92,72,6,2,0,0,credit_card,12,0
txn_102285,1898.67,405,2,0,0,0,debit_card,16,0
txn_102286,3570.78,368,9,0,0,0,credit_card,22,0
txn_102287,2660.13,115,2,0,0,0,credit_card,11,0
txn_102288,1338.71,84,1,0,0,0,credit_card,17,0
txn_102289,2610.03,287,0,0,0,0,upi,2,0
txn_102290,1266.52,568,0,0,0,0,upi,10,0
txn_102291,2332.44,28,1,0,0,0,upi,18,0
txn_102292,2969.05,54,1,0,0,0,debit_card,17,0
txn_102293,154.63,58,0,0,0,0,wallet,13,0
txn_102294,156.53,34,0,0,1,1,credit_card,13,0
txn_102295,1611.93,142,1,0,1,0,upi,15,0
txn_102296,1124.6,61,10,1,0,0,credit_card,16,0
txn_102297,1020.25,41,0,0,0,0,upi,14,0
txn_102298,186.54,86,1,0,0,1,credit_card,8,0
txn_102299,5596.96,225,0,0,0,0,credit_card,10,1
txn_102300,968.51,39,4,1,0,0,upi,20,0
txn_102301,964.58,7,1,0,0,0,credit_card,16,0
txn_102302,402.58,59,2,0,0,0,credit_card,10,1
txn_102303,485.37,448,3,1,0,0,upi,16,0
txn_102304,1133.31,32,11,4,1,0,credit_card,12,1
txn_102305,4495.69,9,4,0,0,0,upi,18,0
txn_102306,1458.89,229,2,0,0,0,credit_card,12,0
txn_102307,2923.64,11,4,0,0,0,debit_card,6,0
txn_102308,13794.2,5,3,0,0,0,upi,16,0
txn_102309,143.34,1,1,0,0,0,debit_card,19,0
txn_102310,566.68,431,1,0,0,1,upi,12,0
txn_102311,4119.61,138,0,0,0,0,debit_card,15,0
txn_102312,1142.43,87,8,0,0,1,credit_card,15,0
txn_102313,4581.52,634,0,0,0,0,upi,22,0
txn_102314,2975.62,55,1,0,0,0,upi,7,0
txn_102315,2166.25,409,0,0,0,0,credit_card,8,0
txn_102316,2112.17,13,4,0,0,0,credit_card,20,0
txn_102317,337.22,23,5,0,0,0,credit_card,17,0
txn_102318,1368.69,144,5,0,0,0,upi,7,0
txn_102319,1222.71,201,1,0,0,0,upi,11,0
txn_102320,8841.03,430,1,0,1,0,net_banking,10,0
txn_102321,665.56,280,1,0,0,0,credit_card,21,0
txn_102322,2175.7,9,3,1,0,0,debit_card,16,0
txn_102323,3632.1,96,5,2,0,0,debit_card,13,0
txn_102324,981.68,59,7,2,0,0,credit_card,17,0
txn_102325,8027.78,32,0,0,0,0,credit_card,15,0
txn_102326,265.03,43,1,0,0,0,upi,9,0
txn_102327,789.32,22,30,0,0,0,credit_card,14,0
txn_102328,281.15,87,0,0,0,1,credit_card,9,0
txn_102329,2625.75,77,0,0,0,0,credit_card,17,0
txn_102330,397.62,2,4,0,0,0,net_banking,19,0
txn_102331,655.36,303,3,0,0,0,credit_card,17,0
txn_102332,828.29,6,4,0,0,0,wallet,17,0
txn_102333,778.8,96,4,0,0,0,credit_card,21,0
txn_102334,688.2,6,1,0,0,0,upi,21,0
txn_102335,2653.11,135,5,0,0,1,debit_card,17,0
txn_102336,5299.73,100,0,0,0,0,debit_card,10,0
txn_102337,247.59,9,1,0,0,1,upi,21,1
txn_102338,1867.91,578,0,0,0,0,credit_card,5,0
txn_102339,646.84,47,0,0,0,0,upi,19,0
txn_102340,2081.85,343,10,4,1,0,credit_card,14,1
txn_102341,282.45,22,8,1,0,0,credit_card,19,0
txn_102342,2928.26,85,2,0,0,1,credit_card,9,0
txn_102343,5042.94,262,3,0,0,0,credit_card,16,0
txn_102344,9792.03,136,12,0,0,0,wallet,10,0
txn_102345,625.02,127,9,1,1,0,upi,13,0
txn_102346,4847.1,378,3,0,0,0,upi,9,0
txn_102347,1827.83,6,4,0,1,0,net_banking,8,0
txn_102348,2407.18,88,2,0,0,0,credit_card,23,0
txn_102349,379.62,97,2,0,0,0,credit_card,17,0
txn_102350,459.17,223,0,0,0,1,upi,17,0
txn_102351,2419.22,15,4,1,0,0,credit_card,6,0
txn_102352,1258.9,0,3,0,0,0,upi,16,0
txn_102353,946.25,14,1,0,1,0,debit_card,0,0
txn_102354,1311.14,1,1,0,0,0,upi,16,0
txn_102355,3045.24,192,0,0,1,0,upi,20,0
txn_102356,691.41,181,4,1,0,0,debit_card,12,0
txn_102357,275.75,263,1,0,0,0,credit_card,17,0
txn_102358,713.67,4,3,0,0,0,net_banking,22,0
txn_102359,2854.21,295,3,1,0,0,upi,13,0
txn_102360,1331.3,84,6,0,1,0,credit_card,18,0
txn_102361,1542.48,4,1,0,0,0,credit_card,18,0
txn_102362,1499.54,70,1,0,0,0,credit_card,20,0
txn_102363,1540.77,450,7,1,0,0,upi,17,0
txn_102364,484.37,322,3,0,0,0,debit_card,17,0
txn_102365,2689.39,358,7,0,0,0,upi,9,0
txn_102366,395.76,157,8,0,0,0,upi,22,0
txn_102367,2759.22,129,3,0,1,0,credit_card,14,0
txn_102368,1096.59,467,2,1,0,0,upi,20,0
txn_102369,1943.24,343,4,0,0,0,debit_card,11,0
txn_102370,953.16,123,1,0,0,0,net_banking,23,0
txn_102371,1624.0,413,2,0,0,0,credit_card,20,0
txn_102372,1641.65,2,4,0,0,0,debit_card,21,0
txn_102373,801.9,160,4,0,1,0,debit_card,17,0
txn_102374,925.38,20,1,0,0,0,credit_card,7,0
txn_102375,7338.72,49,5,0,0,0,credit_card,14,0
txn_102376,2246.82,370,3,0,1,0,credit_card,20,0
txn_102377,1107.67,440,8,0,0,0,credit_card,12,0
txn_102378,7435.72,29,0,0,0,0,net_banking,15,0
txn_102379,1785.07,22,10,1,0,0,net_banking,23,0
txn_102380,401.8,122,7,0,0,0,debit_card,19,0
txn_102381,7995.08,11,2,0,0,0,credit_card,21,0
txn_102382,481.52,52,1,0,0,0,net_banking,14,0
txn_102383,463.9,645,6,0,0,0,upi,22,0
txn_102384,1161.04,90,4,0,0,1,credit_card,10,0
txn_102385,1065.51,129,4,0,0,0,debit_card,21,0
txn_102386,592.37,4,3,0,0,0,credit_card,16,0
txn_102387,4750.13,125,1,0,0,0,net_banking,14,0
txn_102388,721.65,789,1,0,0,0,upi,15,0
txn_102389,1644.71,2,2,0,0,0,net_banking,14,1
txn_102390,470.61,414,11,1,0,0,credit_card,11,0
txn_102391,1610.19,8,1,0,1,0,credit_card,15,0
txn_102392,1320.87,8,4,0,0,0,upi,12,0
txn_102393,1428.15,29,0,0,0,0,credit_card,19,0
txn_102394,2149.55,39,2,0,0,0,upi,17,0
txn_102395,3464.68,171,2,0,0,0,credit_card,12,0
txn_102396,897.53,10,1,0,0,0,wallet,11,0
txn_102397,2098.64,5,1,0,1,1,upi,10,0
txn_102398,2159.85,136,0,0,0,0,upi,14,0
txn_102399,521.63,69,5,0,1,0,credit_card,20,0
txn_102400,2237.72,292,18,0,0,0,upi,11,0
txn_102401,839.25,19,5,0,0,0,credit_card,14,0
txn_102402,212.8,236,3,0,0,0,net_banking,12,0
txn_102403,2313.28,14,3,1,0,0,debit_card,13,0
txn_102404,2219.24,12,2,0,0,0,credit_card,19,0
txn_102405,4056.72,0,2,0,0,1,debit_card,12,1
txn_102406,291.6,557,3,0,0,0,credit_card,10,0
txn_102407,264.57,9,2,0,0,0,credit_card,14,0
txn_102408,1960.3,398,19,7,0,0,credit_card,20,1
txn_102409,6835.24,164,6,0,0,0,credit_card,18,0
txn_102410,4157.81,14,4,0,1,0,debit_card,13,0
txn_102411,2117.61,123,4,1,0,0,upi,10,0
txn_102412,5599.46,210,0,0,0,0,upi,18,0
txn_102413,1607.37,268,5,0,0,1,credit_card,16,0
txn_102414,806.24,341,1,0,0,0,debit_card,5,0
txn_102415,1236.05,148,1,0,0,0,credit_card,19,0
txn_102416,2460.03,411,8,1,0,0,upi,11,0
txn_102417,1322.39,345,7,0,0,0,credit_card,21,0
txn_102418,277.27,1247,0,0,0,0,credit_card,10,0
txn_102419,595.53,286,3,0,0,0,debit_card,17,0
txn_102420,1049.01,0,3,0,0,0,upi,21,0
txn_102421,617.71,136,1,0,0,1,credit_card,15,1
txn_102422,2370.92,11,1,0,0,0,upi,18,0
txn_102423,1092.0,8,4,0,0,1,debit_card,10,0
txn_102424,577.83,5,3,0,0,0,credit_card,22,0
txn_102425,564.22,481,0,0,0,0,credit_card,17,0
txn_102426,4773.96,165,0,0,0,1,credit_card,16,0
txn_102427,4274.43,44,3,0,0,0,upi,18,0
txn_102428,1481.6,104,4,0,0,0,debit_card,22,0
txn_102429,1597.89,288,4,1,1,0,upi,19,0
txn_102430,151.41,544,3,0,0,0,upi,5,0
txn_102431,3594.83,7,3,1,0,0,credit_card,11,0
txn_102432,4588.47,86,7,2,0,0,credit_card,15,0
txn_102433,2026.56,14,3,0,0,0,upi,16,0
txn_102434,2771.95,319,6,0,0,0,upi,17,0
txn_102435,1142.66,1,1,0,0,0,credit_card,13,0
txn_102436,6564.4,22,3,0,0,0,upi,17,0
txn_102437,1021.18,11,2,0,0,0,debit_card,12,0
txn_102438,644.35,922,10,0,0,0,wallet,14,0
txn_102439,325.76,162,17,0,0,0,debit_card,7,0
txn_102440,1531.86,11,4,0,0,0,credit_card,17,0
txn_102441,256.37,364,2,0,0,0,debit_card,22,0
txn_102442,1317.63,463,2,0,0,0,debit_card,7,0
txn_102443,994.88,195,10,0,0,0,upi,15,0
txn_102444,1749.88,7,4,1,0,0,debit_card,21,0
txn_102445,1204.37,58,2,0,0,0,credit_card,1,0
txn_102446,3557.23,16,16,1,0,0,credit_card,17,0
txn_102447,6892.83,240,11,0,0,0,upi,6,0
txn_102448,1363.1,63,4,1,0,0,net_banking,21,0
txn_102449,1268.28,25,7,0,0,0,credit_card,17,0
txn_102450,682.49,46,1,0,0,0,credit_card,10,0
txn_102451,780.12,877,7,0,0,0,wallet,13,0
txn_102452,2374.95,9,1,0,0,0,credit_card,17,0
txn_102453,551.49,132,3,0,0,0,credit_card,19,0
txn_102454,4050.41,106,10,0,0,0,credit_card,9,0
txn_102455,5625.29,46,2,0,0,0,debit_card,8,0
txn_102456,8771.27,7,1,0,0,0,credit_card,21,0
txn_102457,728.45,17,5,2,0,0,debit_card,15,0
txn_102458,264.68,636,8,3,0,0,credit_card,15,0
txn_102459,1855.48,266,11,1,0,0,upi,13,0
txn_102460,4185.45,81,0,0,0,0,upi,14,0
txn_102461,787.82,20,6,0,0,0,debit_card,12,0
txn_102462,2023.32,40,3,1,0,0,credit_card,13,0
txn_102463,841.73,8,4,0,0,0,upi,9,0
txn_102464,2884.03,392,4,0,0,0,debit_card,14,0
txn_102465,1429.9,169,3,0,1,0,credit_card,12,0
txn_102466,605.05,101,3,0,0,0,debit_card,23,0
txn_102467,3312.56,186,0,0,0,0,upi,13,0
txn_102468,1319.51,97,0,0,0,1,credit_card,19,0
txn_102469,732.49,10,2,0,0,0,upi,19,0
txn_102470,1353.61,75,0,0,0,0,credit_card,19,0
txn_102471,709.87,0,4,1,1,0,wallet,18,0
txn_102472,3479.8,268,3,1,0,0,credit_card,21,0
txn_102473,4249.72,300,0,0,0,1,debit_card,21,0
txn_102474,353.94,96,6,2,0,0,credit_card,21,0
txn_102475,1743.09,637,8,3,0,0,credit_card,21,1
txn_102476,472.9,118,8,3,1,0,upi,15,0
txn_102477,757.87,319,2,0,0,0,upi,7,0
txn_102478,2065.29,167,1,0,0,0,credit_card,20,0
txn_102479,763.56,177,6,2,1,0,debit_card,0,0
txn_102480,617.41,13,4,1,0,0,credit_card,13,0
txn_102481,1944.91,253,8,0,0,0,credit_card,18,0
txn_102482,858.38,108,6,2,0,1,debit_card,17,1
txn_102483,1396.77,38,0,0,0,0,upi,17,1
txn_102484,2623.8,145,1,0,0,0,net_banking,5,0
txn_102485,318.74,93,0,0,0,1,upi,17,0
txn_102486,1555.23,166,2,0,0,0,debit_card,17,0
txn_102487,1723.56,337,0,0,0,0,credit_card,1,1
txn_102488,1618.11,546,0,0,0,0,debit_card,18,0
txn_102489,1132.2,96,0,0,0,0,debit_card,10,0
txn_102490,4984.21,73,2,0,0,0,credit_card,13,0
txn_102491,578.01,544,14,0,0,0,wallet,16,0
txn_102492,1317.68,115,0,0,0,1,upi,15,0
txn_102493,2783.8,40,1,0,0,0,credit_card,12,0
txn_102494,5840.79,278,0,0,0,0,upi,19,0
txn_102495,1365.33,208,7,0,0,0,upi,16,0
txn_102496,961.97,628,0,0,0,1,credit_card,13,0
txn_102497,1463.93,72,1,0,0,0,upi,15,0
txn_102498,1487.3,12,4,0,0,0,credit_card,13,0
txn_102499,2313.58,257,1,0,0,0,debit_card,19,0
txn_102500,1613.57,4,3,0,0,0,debit_card,12,0
txn_102501,1005.88,152,3,0,0,1,net_banking,22,0
txn_102502,2050.53,193,2,0,0,0,upi,9,0
txn_102503,2568.74,30,5,0,1,0,debit_card,9,0
txn_102504,2259.97,158,0,0,0,0,upi,18,0
txn_102505,1332.87,45,0,0,0,0,credit_card,22,0
txn_102506,246.07,259,7,0,0,0,credit_card,22,0
txn_102507,597.57,16,1,0,0,0,credit_card,21,0
txn_102508,387.4,333,1,0,0,1,credit_card,9,0
txn_102509,5289.97,68,6,0,0,1,net_banking,19,0
txn_102510,7576.8,144,4,0,0,0,credit_card,18,0
txn_102511,1424.84,14,2,0,0,0,upi,8,0
txn_102512,3958.86,0,2,0,0,0,debit_card,16,0
txn_102513,892.68,219,14,0,0,0,credit_card,15,0
txn_102514,610.25,12,2,0,0,0,net_banking,22,0
txn_102515,732.11,160,3,0,0,0,wallet,14,0
txn_102516,1541.67,100,1,0,0,0,credit_card,17,0
txn_102517,7730.68,13,4,0,0,0,upi,9,0
txn_102518,8345.08,21,11,0,0,1,upi,1,0
txn_102519,12011.69,75,1,0,0,0,debit_card,16,0
txn_102520,1017.58,222,1,0,0,0,debit_card,16,0
txn_102521,8323.27,0,3,0,0,0,upi,15,0
txn_102522,324.24,111,2,0,1,0,net_banking,20,0
txn_102523,1654.23,44,2,0,0,0,net_banking,21,0
txn_102524,719.25,2,4,0,0,0,credit_card,21,0
txn_102525,994.05,59,2,0,0,0,credit_card,13,0
txn_102526,167.3,93,0,0,0,0,credit_card,20,0
txn_102527,57.9,154,0,0,0,0,debit_card,13,0
txn_102528,329.22,3,4,0,0,0,debit_card,22,0
txn_102529,807.23,93,1,0,0,0,credit_card,20,0
txn_102530,2725.14,8,2,0,1,0,credit_card,16,1
txn_102531,1868.5,18,1,0,0,1,upi,18,0
txn_102532,2858.14,256,1,0,0,0,net_banking,10,0
txn_102533,909.94,11,2,0,0,0,debit_card,16,0
txn_102534,2820.38,28,2,0,0,0,wallet,4,0
txn_102535,1090.78,78,0,0,0,0,upi,14,0
txn_102536,1727.87,20,2,0,0,0,wallet,15,0
txn_102537,1596.21,9,4,0,0,0,upi,19,0
txn_102538,3634.72,13,1,0,0,0,net_banking,13,0
txn_102539,627.94,126,15,2,1,0,upi,14,0
txn_102540,332.83,2,4,0,0,0,net_banking,16,0
txn_102541,113.31,266,2,0,0,0,credit_card,17,0
txn_102542,1208.18,337,3,0,0,1,wallet,13,0
txn_102543,8191.14,224,2,1,0,0,upi,10,0
txn_102544,2758.14,635,0,0,0,0,net_banking,11,0
txn_102545,541.36,6,4,1,0,0,debit_card,19,0
txn_102546,1983.53,146,3,0,0,0,credit_card,19,0
txn_102547,1191.48,13,3,2,0,0,upi,11,0
txn_102548,3955.52,16,5,0,0,0,credit_card,20,0
txn_102549,5613.05,92,5,0,0,0,credit_card,15,0
txn_102550,1668.91,52,3,0,0,0,credit_card,19,0
txn_102551,2552.89,25,1,0,0,0,upi,19,0
txn_102552,3601.52,11,2,0,0,0,net_banking,21,0
txn_102553,2217.08,70,7,0,0,0,upi,11,0
txn_102554,5069.92,0,3,0,1,0,debit_card,6,0
txn_102555,1584.53,13,3,0,0,0,upi,10,0
txn_102556,1057.27,13,3,1,0,0,credit_card,21,0
txn_102557,2180.55,278,0,0,0,0,net_banking,14,0
txn_102558,15668.74,133,3,0,0,0,upi,21,0
txn_102559,1317.41,39,3,0,0,0,upi,22,0
txn_102560,4503.37,6,3,1,0,0,credit_card,6,0
txn_102561,1191.54,199,0,0,0,0,debit_card,17,0
txn_102562,122.46,144,1,0,0,0,upi,0,0
txn_102563,757.47,39,2,0,0,0,upi,8,0
txn_102564,1346.72,261,1,0,0,0,net_banking,23,0
txn_102565,1827.07,2,1,0,0,0,upi,9,0
txn_102566,13040.7,14,4,0,1,0,net_banking,21,0
txn_102567,2782.53,93,1,0,0,0,credit_card,9,0
txn_102568,115.76,94,6,0,0,1,wallet,12,0
txn_102569,547.56,459,2,0,0,0,upi,11,0
txn_102570,1401.52,86,7,1,0,0,upi,20,0
txn_102571,1350.75,40,1,0,0,0,debit_card,18,0
txn_102572,325.05,22,3,1,0,0,credit_card,18,0
txn_102573,323.59,12,3,0,0,0,upi,12,0
txn_102574,430.37,206,0,0,0,1,net_banking,13,0
txn_102575,5159.85,93,0,0,0,0,credit_card,7,0
txn_102576,927.26,2,3,0,0,0,debit_card,13,0
txn_102577,630.1,395,2,0,0,0,debit_card,16,0
txn_102578,1661.32,4,3,0,0,0,net_banking,19,0
txn_102579,2129.59,54,4,0,0,0,credit_card,5,0
txn_102580,3352.81,121,1,0,0,0,debit_card,17,0
txn_102581,801.81,1,1,0,0,0,credit_card,11,0
txn_102582,922.4,408,0,0,0,0,wallet,17,0
txn_102583,568.7,488,5,0,0,0,credit_card,1,0
txn_102584,1363.18,32,0,0,0,0,credit_card,12,0
txn_102585,2124.43,46,3,0,0,1,net_banking,17,0
txn_102586,1034.35,10,3,1,0,1,credit_card,18,0
txn_102587,1039.54,1,1,0,1,0,credit_card,17,0
txn_102588,1090.65,9,1,0,0,0,debit_card,17,0
txn_102589,316.29,944,0,0,0,0,debit_card,8,0
txn_102590,3008.4,116,1,0,0,0,debit_card,11,0
txn_102591,1177.17,110,5,0,0,0,credit_card,16,0
txn_102592,1537.37,221,7,0,0,0,debit_card,8,0
txn_102593,162.25,319,3,0,0,0,debit_card,12,0
txn_102594,564.79,16,6,0,0,0,credit_card,22,0
txn_102595,2764.0,1008,0,0,0,0,credit_card,19,0
txn_102596,589.67,203,0,0,0,0,credit_card,14,0
txn_102597,1789.3,730,2,0,0,0,wallet,15,0
txn_102598,869.4,293,6,0,0,0,upi,21,0
txn_102599,774.38,126,0,0,0,1,upi,21,0
txn_102600,397.27,114,1,0,0,0,credit_card,7,0
txn_102601,1139.64,143,0,0,0,1,credit_card,17,0
txn_102602,903.39,91,0,0,0,0,debit_card,6,0
txn_102603,737.93,52,3,0,0,0,credit_card,14,0
txn_102604,651.77,287,0,0,0,0,upi,15,0
txn_102605,1877.91,136,1,0,0,0,upi,12,0
txn_102606,1835.22,40,12,0,0,0,credit_card,12,0
txn_102607,266.49,132,0,0,0,0,debit_card,16,0
txn_102608,1228.7,55,2,1,0,0,debit_card,11,0
txn_102609,1136.41,110,1,0,0,0,debit_card,13,0
txn_102610,494.92,87,0,0,1,0,upi,14,0
txn_102611,554.52,82,7,2,0,1,debit_card,12,0
txn_102612,348.02,655,7,0,0,0,wallet,12,0
txn_102613,1986.69,61,3,0,0,0,credit_card,8,0
txn_102614,5784.97,321,0,0,0,0,credit_card,9,0
txn_102615,1430.37,110,10,0,0,0,credit_card,7,0
txn_102616,729.09,85,6,1,0,0,upi,18,0
txn_102617,5435.37,274,0,0,0,1,debit_card,15,0
txn_102618,419.63,859,7,2,1,0,credit_card,18,0
txn_102619,7654.32,220,3,0,0,0,credit_card,15,0
txn_102620,1045.36,99,12,0,0,0,upi,7,0
txn_102621,594.15,96,0,0,0,1,debit_card,23,0
txn_102622,3165.71,20,5,0,0,0,credit_card,23,0
txn_102623,971.33,11,3,1,0,0,credit_card,13,0
txn_102624,896.36,381,1,0,0,0,debit_card,19,0
txn_102625,5938.12,703,6,0,0,0,credit_card,9,0
txn_102626,1213.03,294,4,0,0,0,credit_card,14,0
txn_102627,1338.02,2,2,1,0,0,upi,15,0
txn_102628,511.72,138,3,0,0,0,credit_card,16,0
txn_102629,3325.15,254,0,0,0,0,credit_card,16,0
txn_102630,579.21,223,6,0,0,0,net_banking,19,0
txn_102631,6881.11,302,3,1,0,0,debit_card,11,0
txn_102632,470.38,198,3,1,0,0,debit_card,22,0
txn_102633,1890.13,99,3,0,0,0,credit_card,12,0
txn_102634,449.56,185,1,0,0,0,credit_card,8,0
txn_102635,716.28,52,0,0,1,0,debit_card,10,0
txn_102636,7075.14,40,2,0,0,0,upi,7,0
txn_102637,1303.95,158,0,0,0,0,debit_card,17,0
txn_102638,2294.23,38,0,0,0,0,debit_card,20,1
txn_102639,389.32,10,4,0,0,1,credit_card,14,0
txn_102640,1601.01,288,0,0,0,0,credit_card,17,0
txn_102641,1852.69,14,3,0,0,0,wallet,9,0
txn_102642,412.01,252,7,0,0,0,upi,10,0
txn_102643,3413.19,100,0,0,0,0,credit_card,16,0
txn_102644,3212.52,170,0,0,0,1,credit_card,20,0
txn_102645,694.38,69,3,0,1,0,upi,15,0
txn_102646,794.15,185,7,2,0,0,credit_card,15,0
txn_102647,1203.33,29,4,0,0,0,credit_card,12,0
txn_102648,759.45,75,1,0,0,0,credit_card,17,0
txn_102649,768.09,13,3,0,1,0,upi,12,0
txn_102650,2057.19,24,6,0,0,0,credit_card,16,0
txn_102651,1021.01,3,1,0,0,0,upi,14,0
txn_102652,1797.23,22,4,0,0,0,credit_card,10,0
txn_102653,3527.7,251,2,0,0,0,upi,18,0
txn_102654,1591.42,234,6,0,1,0,debit_card,21,0
txn_102655,351.33,1,2,0,0,0,debit_card,10,0
txn_102656,358.36,110,8,0,0,0,upi,14,0
txn_102657,900.04,147,3,1,0,0,debit_card,11,0
txn_102658,1608.99,86,2,0,0,0,wallet,10,0
txn_102659,497.93,10,2,0,0,0,upi,20,0
txn_102660,2021.57,4,3,0,0,0,upi,23,0
txn_102661,2696.43,82,3,0,0,0,credit_card,18,0
txn_102662,2471.79,204,3,0,0,0,upi,21,0
txn_102663,4536.61,232,7,1,0,0,credit_card,17,0
txn_102664,3421.7,231,0,0,0,0,upi,18,0
txn_102665,132.27,75,1,0,0,1,upi,17,0
txn_102666,1159.17,177,5,2,0,0,credit_card,16,0
txn_102667,1368.59,300,1,0,0,0,debit_card,17,0
txn_102668,3263.33,757,4,0,0,0,credit_card,15,0
txn_102669,433.22,28,3,0,0,0,credit_card,14,0
txn_102670,1808.14,7,4,0,0,0,upi,13,0
txn_102671,437.9,14,3,0,0,0,upi,11,0
txn_102672,978.72,172,7,0,0,0,credit_card,8,0
txn_102673,1097.32,93,0,0,0,0,net_banking,11,0
txn_102674,10422.04,16,1,0,0,0,credit_card,11,0
txn_102675,3070.38,348,12,0,0,0,upi,10,0
txn_102676,3474.73,8,2,0,0,0,upi,18,0
txn_102677,4080.62,38,1,0,0,0,upi,7,0
txn_102678,398.32,56,5,0,0,1,credit_card,21,0
txn_102679,1010.97,65,1,0,0,0,debit_card,12,0
txn_102680,1220.17,1,3,0,0,0,debit_card,19,0
txn_102681,1836.1,74,9,0,0,1,credit_card,12,0
txn_102682,950.72,3,1,0,0,0,credit_card,13,0
txn_102683,555.94,36,1,0,0,1,debit_card,22,0
txn_102684,1690.11,219,5,2,0,0,upi,8,0
txn_102685,1667.49,414,2,0,0,0,debit_card,14,0
txn_102686,1226.45,8,2,0,1,0,credit_card,14,0
txn_102687,1357.37,4,3,0,0,0,debit_card,21,0
txn_102688,827.31,11,1,0,0,0,credit_card,17,0
txn_102689,1394.94,35,9,0,0,0,upi,18,0
txn_102690,2616.38,331,3,0,0,0,net_banking,11,0
txn_102691,1171.2,124,5,0,0,0,upi,12,0
txn_102692,708.0,88,1,0,0,0,debit_card,13,0
txn_102693,1803.39,388,10,0,0,0,wallet,8,0
txn_102694,253.32,124,10,0,0,0,wallet,23,0
txn_102695,1029.83,35,3,0,0,0,credit_card,17,0
txn_102696,1401.56,133,1,0,0,0,wallet,7,0
txn_102697,445.76,129,6,0,0,0,upi,17,0
txn_102698,3954.84,127,3,0,0,0,upi,17,0
txn_102699,2430.51,25,16,0,0,0,net_banking,16,0
txn_102700,1247.92,46,2,0,0,1,debit_card,18,0
txn_102701,6537.14,1,1,0,0,0,credit_card,19,0
txn_102702,4248.85,3,2,0,0,0,upi,11,0
txn_102703,878.48,289,1,0,0,1,credit_card,8,0
txn_102704,929.91,469,1,0,0,0,credit_card,9,0
txn_102705,1984.64,70,10,4,0,0,upi,16,0
txn_102706,500.85,114,13,0,0,0,credit_card,18,0
txn_102707,3005.62,152,0,0,0,0,credit_card,22,0
txn_102708,1644.35,10,1,0,0,0,credit_card,5,0
txn_102709,1651.33,5,3,0,0,0,net_banking,12,0
txn_102710,143.65,20,5,0,0,0,upi,19,0
txn_102711,3609.06,326,1,0,0,0,upi,11,0
txn_102712,882.63,65,0,0,0,0,debit_card,15,0
txn_102713,962.65,117,0,0,0,0,net_banking,23,0
txn_102714,2977.89,76,2,0,0,0,upi,6,0
txn_102715,2356.83,13,3,1,0,0,credit_card,17,0
txn_102716,935.83,7,4,0,0,0,credit_card,17,0
txn_102717,2044.5,65,3,0,0,0,credit_card,21,0
txn_102718,5843.15,139,5,0,0,0,net_banking,18,0
txn_102719,456.98,142,0,0,1,0,credit_card,18,0
txn_102720,609.33,11,2,0,1,0,wallet,13,0
txn_102721,474.27,6,3,2,0,0,credit_card,21,0
txn_102722,1488.2,30,0,0,0,1,credit_card,9,0
txn_102723,1580.43,11,3,1,0,0,net_banking,15,0
txn_102724,4221.74,12,4,0,0,0,credit_card,21,0
txn_102725,144.44,397,5,0,0,0,debit_card,8,0
txn_102726,1201.02,0,3,0,0,0,upi,13,0
txn_102727,561.44,101,1,0,1,1,credit_card,16,0
txn_102728,371.53,7,3,0,0,0,debit_card,19,0
txn_102729,916.29,185,1,0,0,0,upi,17,0
txn_102730,2540.44,333,2,1,0,0,credit_card,16,0
txn_102731,2267.28,2,3,0,0,0,credit_card,13,0
txn_102732,1403.06,1,3,0,0,0,credit_card,10,0
txn_102733,3075.41,154,0,0,0,0,upi,11,0
txn_102734,1401.14,23,2,0,0,0,upi,12,0
txn_102735,525.26,169,1,0,0,0,credit_card,13,0
txn_102736,466.36,574,0,0,0,0,upi,11,0
txn_102737,461.87,221,1,0,0,0,net_banking,20,0
txn_102738,109.36,472,2,0,0,0,debit_card,19,0
txn_102739,1468.17,543,3,0,0,0,debit_card,9,0
txn_102740,2334.49,141,2,0,0,0,credit_card,9,0
txn_102741,2385.14,35,4,0,0,0,credit_card,21,0
txn_102742,662.12,15,6,0,0,0,debit_card,17,0
txn_102743,2580.57,337,0,0,0,0,credit_card,13,0
txn_102744,657.94,1,1,0,0,0,debit_card,19,0
txn_102745,848.43,11,4,1,0,0,net_banking,20,0
txn_102746,931.53,153,4,1,0,0,upi,22,0
txn_102747,405.37,206,2,0,0,0,net_banking,20,0
txn_102748,1335.84,20,0,0,0,0,credit_card,11,0
txn_102749,512.79,20,3,1,0,0,wallet,10,0
txn_102750,5362.81,11,4,0,0,0,net_banking,20,0
txn_102751,9576.26,304,1,0,0,0,credit_card,18,0
txn_102752,1304.37,72,1,0,0,0,debit_card,10,0
txn_102753,747.6,167,8,1,0,0,credit_card,19,1
txn_102754,2558.98,38,4,0,0,0,upi,13,0
txn_102755,2668.02,96,5,0,0,1,credit_card,15,0
txn_102756,580.49,415,1,0,0,0,upi,14,0
txn_102757,2324.21,320,7,0,1,0,credit_card,17,0
txn_102758,1155.32,42,1,0,0,0,upi,15,0
txn_102759,872.72,140,0,0,0,0,debit_card,17,0
txn_102760,1734.36,177,1,0,0,1,credit_card,14,0
txn_102761,1591.24,116,6,0,1,1,upi,23,0
txn_102762,1392.3,13,4,0,0,0,debit_card,13,0
txn_102763,398.76,166,11,0,0,0,credit_card,14,0
txn_102764,541.71,204,4,0,0,0,upi,22,0
txn_102765,1878.89,311,1,0,0,1,upi,21,0
txn_102766,2815.94,436,5,0,0,0,credit_card,13,0
txn_102767,7322.27,113,1,0,0,0,net_banking,19,0
txn_102768,1205.65,53,3,0,0,0,wallet,19,0
txn_102769,4860.1,12,2,0,0,0,credit_card,9,0
txn_102770,1815.68,197,9,3,0,0,wallet,11,0
txn_102771,998.71,1,2,0,0,0,credit_card,15,0
txn_102772,579.92,101,0,0,0,0,upi,12,0
txn_102773,483.3,149,8,0,0,0,upi,12,0
txn_102774,2167.86,271,8,0,0,0,net_banking,16,0
txn_102775,1896.06,4,1,0,0,0,upi,21,0
txn_102776,2064.66,130,1,0,1,0,credit_card,21,0
txn_102777,595.76,485,2,0,0,0,upi,18,0
txn_102778,1765.29,126,1,0,0,0,debit_card,20,0
txn_102779,1422.98,404,6,0,0,0,credit_card,9,0
txn_102780,979.89,59,4,0,0,1,credit_card,10,0
txn_102781,744.38,10,4,1,0,1,credit_card,11,0
txn_102782,1059.71,391,0,0,0,0,upi,13,0
txn_102783,1701.11,11,4,0,0,0,debit_card,20,0
txn_102784,1654.74,121,0,0,0,0,debit_card,13,0
txn_102785,8472.8,0,2,0,0,0,debit_card,22,0
txn_102786,950.61,75,2,0,0,0,credit_card,11,0
txn_102787,8239.29,2,3,1,0,0,net_banking,11,0
txn_102788,5695.21,4,3,0,0,0,wallet,7,0
txn_102789,3861.95,293,3,0,0,0,debit_card,12,0
txn_102790,3429.1,14,2,0,0,0,debit_card,13,0
txn_102791,568.78,42,1,0,0,0,upi,11,0
txn_102792,976.2,1,4,0,0,0,credit_card,16,0
txn_102793,1721.48,55,8,3,0,0,credit_card,8,0
txn_102794,3727.39,507,3,0,0,0,debit_card,12,0
txn_102795,3537.0,128,2,0,1,0,debit_card,12,0
txn_102796,682.2,100,2,0,0,0,credit_card,15,0
txn_102797,709.84,259,1,0,0,0,credit_card,16,0
txn_102798,2535.87,14,2,0,0,0,net_banking,21,0
txn_102799,870.88,47,6,2,0,0,wallet,13,0
txn_102800,424.62,513,1,1,0,0,credit_card,19,0
txn_102801,1427.31,147,15,0,0,0,credit_card,2,0
txn_102802,2750.55,271,0,0,0,0,credit_card,19,0
txn_102803,1646.4,23,4,0,0,0,credit_card,16,0
txn_102804,5043.43,173,6,0,0,0,credit_card,22,0
txn_102805,1840.81,12,1,0,1,0,credit_card,0,0
txn_102806,136.22,96,4,1,1,0,debit_card,10,0
txn_102807,317.47,3,4,0,0,0,credit_card,2,0
txn_102808,3043.71,10,3,0,0,1,upi,17,0
txn_102809,399.52,265,8,0,0,0,credit_card,11,0
txn_102810,2174.41,143,9,0,0,0,credit_card,14,0
txn_102811,1230.08,225,0,0,0,0,upi,7,0
txn_102812,1666.72,252,3,1,0,0,credit_card,19,0
txn_102813,2774.72,220,1,0,0,0,credit_card,18,0
txn_102814,829.44,206,2,0,0,0,upi,10,0
txn_102815,2600.61,34,2,0,0,0,upi,15,0
txn_102816,882.67,16,2,0,0,0,credit_card,10,0
txn_102817,479.51,133,1,0,0,0,credit_card,12,0
txn_102818,775.81,15,3,0,0,0,debit_card,11,0
txn_102819,1869.27,253,22,8,0,0,credit_card,21,1
txn_102820,1136.19,422,3,0,0,0,debit_card,9,0
txn_102821,1058.04,40,0,0,0,0,debit_card,10,0
txn_102822,1619.08,14,1,0,0,1,upi,17,0
txn_102823,425.44,130,3,0,0,0,wallet,17,0
txn_102824,896.64,292,5,1,0,0,credit_card,11,0
txn_102825,2822.74,170,2,0,0,0,debit_card,12,0
txn_102826,1264.67,20,6,0,0,0,debit_card,21,0
txn_102827,681.79,14,1,0,0,0,debit_card,20,0
txn_102828,762.79,85,3,0,0,0,credit_card,16,0
txn_102829,1344.53,11,4,0,0,0,upi,12,0
txn_102830,2027.4,17,8,1,0,0,credit_card,16,0
txn_102831,914.04,75,2,0,0,0,upi,12,0
txn_102832,1704.63,159,2,0,0,0,credit_card,11,0
txn_102833,1659.05,6,1,0,0,0,credit_card,17,0
txn_102834,397.69,225,1,0,0,0,debit_card,10,0
txn_102835,777.61,20,6,0,0,0,credit_card,20,0
txn_102836,1250.2,1,3,0,0,0,credit_card,19,0
txn_102837,916.64,79,9,0,1,0,debit_card,18,0
txn_102838,1897.81,4,4,0,0,0,upi,17,0
txn_102839,1513.88,275,1,0,0,0,credit_card,21,0
txn_102840,1247.33,364,9,1,0,0,debit_card,11,0
txn_102841,1347.08,19,2,0,0,0,upi,19,0
txn_102842,18941.27,3,4,0,0,0,credit_card,4,0
txn_102843,5374.84,110,0,0,0,1,net_banking,16,0
txn_102844,2832.74,5,3,1,1,0,credit_card,18,0
txn_102845,897.46,15,9,0,0,0,debit_card,23,0
txn_102846,650.31,198,3,0,0,0,credit_card,6,0
txn_102847,2088.28,101,13,1,0,0,upi,11,0
txn_102848,320.02,68,7,0,0,0,credit_card,22,0
txn_102849,3538.9,11,3,0,0,0,credit_card,18,0
txn_102850,1552.91,141,1,0,0,0,debit_card,19,0
txn_102851,1952.97,128,1,0,0,0,credit_card,18,0
txn_102852,4078.34,0,4,2,0,0,debit_card,13,0
txn_102853,3437.67,242,1,0,0,1,debit_card,19,0
txn_102854,1340.4,1,2,0,0,0,net_banking,15,0
txn_102855,955.11,4,3,0,0,0,credit_card,19,0
txn_102856,3188.3,123,0,0,0,0,net_banking,21,0
txn_102857,1146.15,422,3,1,0,0,credit_card,8,0
txn_102858,1496.01,321,2,0,1,0,upi,18,0
txn_102859,1723.01,175,1,0,0,0,credit_card,19,0
txn_102860,6590.21,387,0,0,1,0,debit_card,11,0
txn_102861,2464.18,4,1,0,0,0,debit_card,12,0
txn_102862,1849.68,27,4,0,0,1,credit_card,14,0
txn_102863,533.14,143,1,0,1,0,debit_card,15,0
txn_102864,2829.93,204,0,0,0,0,upi,16,0
txn_102865,531.63,309,16,6,0,0,credit_card,11,0
txn_102866,3054.01,112,4,2,0,0,credit_card,21,0
txn_102867,272.11,222,10,0,0,0,net_banking,19,0
txn_102868,4131.24,90,1,0,0,0,net_banking,15,0
txn_102869,178.85,229,5,0,0,0,debit_card,13,0
txn_102870,2025.36,9,2,0,0,0,upi,22,0
txn_102871,410.91,83,0,0,0,0,credit_card,14,0
txn_102872,2300.81,1272,6,0,1,0,wallet,22,0
txn_102873,2109.71,4,4,0,0,1,debit_card,19,0
txn_102874,174.7,212,5,0,0,0,credit_card,13,0
txn_102875,3179.31,788,3,1,0,0,credit_card,8,0
txn_102876,4836.24,172,1,0,0,0,credit_card,12,0
txn_102877,469.54,20,1,0,0,0,credit_card,15,0
txn_102878,266.56,16,5,0,0,0,upi,13,0
txn_102879,2640.54,187,0,0,0,0,credit_card,9,0
txn_102880,3241.86,12,4,0,1,0,credit_card,18,0
txn_102881,211.38,35,0,0,0,0,upi,18,0
txn_102882,3766.97,133,1,0,0,0,credit_card,9,0
txn_102883,1395.76,224,12,4,0,0,net_banking,7,0
txn_102884,936.97,227,2,0,0,0,wallet,16,0
txn_102885,1158.49,103,3,0,0,0,net_banking,10,0
txn_102886,5221.36,52,1,0,0,1,credit_card,18,0
txn_102887,219.28,256,4,0,0,0,debit_card,19,0
txn_102888,439.95,257,1,0,0,0,credit_card,16,0
txn_102889,781.23,12,1,0,0,0,credit_card,11,0
txn_102890,1308.26,16,0,0,0,0,debit_card,13,0
txn_102891,1498.42,18,1,1,0,0,credit_card,10,0
txn_102892,882.82,11,4,0,0,0,credit_card,7,0
txn_102893,2026.39,342,5,0,0,0,upi,10,0
txn_102894,149.34,796,0,0,0,0,upi,8,0
txn_102895,1631.66,44,2,0,0,0,wallet,22,0
txn_102896,2665.04,55,0,0,1,0,credit_card,18,0
txn_102897,1103.62,20,1,0,0,0,credit_card,11,0
txn_102898,311.05,171,3,1,0,0,wallet,19,0
txn_102899,3203.89,10,1,0,0,0,credit_card,17,0
txn_102900,248.86,123,0,0,0,0,credit_card,13,0
txn_102901,2511.38,124,1,0,0,1,credit_card,19,0
txn_102902,324.42,142,2,0,1,0,credit_card,20,0
txn_102903,2821.73,41,0,0,0,0,credit_card,16,0
txn_102904,1742.66,491,7,0,0,0,upi,10,0
txn_102905,784.31,257,6,0,1,0,net_banking,15,0
txn_102906,8024.23,17,3,1,0,0,net_banking,16,0
txn_102907,2547.33,274,0,0,1,0,credit_card,17,1
txn_102908,947.27,163,0,0,0,0,wallet,14,1
txn_102909,2728.94,14,2,0,1,1,credit_card,21,0
txn_102910,5044.66,131,11,0,0,0,debit_card,23,0
txn_102911,2243.98,15,4,0,0,0,credit_card,20,0
txn_102912,843.55,132,2,0,0,0,credit_card,21,0
txn_102913,1578.73,114,5,0,1,0,wallet,14,0
txn_102914,1584.9,87,7,0,0,0,debit_card,6,0
txn_102915,932.13,24,1,0,1,1,net_banking,17,0
txn_102916,2155.72,122,1,0,0,0,upi,11,0
txn_102917,1504.5,62,0,0,0,0,debit_card,15,0
txn_102918,3986.52,3,2,0,0,0,credit_card,17,0
txn_102919,4081.55,172,0,0,0,0,credit_card,19,0
txn_102920,4361.06,191,0,0,0,0,upi,23,0
txn_102921,1087.27,928,5,0,0,0,net_banking,19,0
txn_102922,2309.39,3,4,0,0,0,upi,10,0
txn_102923,2679.27,109,8,0,0,0,credit_card,10,1
txn_102924,972.02,14,3,0,0,0,upi,15,0
txn_102925,3800.01,122,3,1,0,0,upi,18,0
txn_102926,20248.0,2,4,0,0,0,upi,21,0
txn_102927,351.49,57,3,0,0,0,debit_card,17,0
txn_102928,1253.85,265,2,0,0,0,credit_card,17,0
txn_102929,2530.12,5,3,0,0,0,credit_card,20,0
txn_102930,7647.54,348,1,0,1,0,upi,14,0
txn_102931,940.71,13,4,0,0,1,credit_card,17,0
txn_102932,6603.42,151,2,0,0,0,debit_card,18,0
txn_102933,1156.0,143,3,1,0,0,credit_card,10,0
txn_102934,7122.81,4,2,0,0,0,credit_card,20,0
txn_102935,472.77,151,6,0,0,0,upi,21,0
txn_102936,2504.83,211,0,0,0,0,upi,16,0
txn_102937,2039.49,133,8,0,1,0,credit_card,23,0
txn_102938,2237.82,266,0,0,0,0,credit_card,16,0
txn_102939,5775.06,74,0,0,0,0,debit_card,17,0
txn_102940,706.54,362,3,1,0,0,credit_card,7,0
txn_102941,670.68,8,1,0,0,0,debit_card,12,0
txn_102942,862.47,81,3,0,1,0,debit_card,18,0
txn_102943,10851.82,2,1,0,0,0,debit_card,13,0
txn_102944,767.99,7,2,1,0,0,debit_card,15,0
txn_102945,1119.57,105,0,0,1,0,credit_card,8,0
txn_102946,1369.45,415,11,4,0,1,upi,11,0
txn_102947,1917.28,167,26,0,0,0,upi,11,0
txn_102948,1068.89,225,1,0,0,0,credit_card,12,0
txn_102949,680.52,152,10,0,0,0,upi,8,1
txn_102950,7158.08,115,5,0,0,1,debit_card,2,0
txn_102951,11032.62,209,5,0,0,0,debit_card,17,0
txn_102952,2808.51,793,7,0,1,0,upi,9,0
txn_102953,825.26,54,7,0,1,0,upi,18,0
txn_102954,1729.26,48,1,1,0,0,credit_card,12,0
txn_102955,1338.57,284,2,0,0,1,debit_card,19,0
txn_102956,2176.11,12,1,0,0,0,credit_card,17,0
txn_102957,1039.92,1352,2,0,0,0,debit_card,14,0
txn_102958,2880.32,5,2,0,0,0,credit_card,16,0
txn_102959,2463.16,11,2,0,0,0,wallet,16,0
txn_102960,1278.94,23,1,0,0,0,debit_card,12,0
txn_102961,1476.85,0,1,0,0,0,debit_card,6,0
txn_102962,2295.87,0,4,1,0,0,credit_card,9,0
txn_102963,1884.68,34,1,0,0,0,credit_card,9,0
txn_102964,719.18,16,2,0,0,0,debit_card,12,0
txn_102965,3946.46,132,2,0,0,0,credit_card,11,0
txn_102966,1792.82,34,0,0,0,0,debit_card,21,0
txn_102967,2325.63,3,1,1,0,0,credit_card,22,0
txn_102968,7875.08,116,10,0,1,0,debit_card,7,0
txn_102969,487.74,202,2,0,0,0,credit_card,16,1
txn_102970,774.55,274,0,0,0,0,credit_card,17,0
txn_102971,3059.32,9,1,0,0,0,upi,12,0
txn_102972,2886.52,136,7,0,0,0,debit_card,13,0
txn_102973,824.6,96,2,0,0,1,credit_card,17,1
txn_102974,274.87,445,5,0,0,0,credit_card,8,0
txn_102975,1749.46,82,0,0,0,0,credit_card,8,0
txn_102976,4724.7,142,4,0,0,0,credit_card,14,0
txn_102977,1462.46,12,4,0,1,0,credit_card,14,0
txn_102978,2514.29,160,2,0,0,0,net_banking,9,0
txn_102979,1409.75,26,4,1,0,0,credit_card,18,0
txn_102980,2903.12,58,3,0,0,1,upi,14,0
txn_102981,368.99,157,2,0,0,0,upi,12,0
txn_102982,1272.82,880,2,0,0,0,credit_card,19,0
txn_102983,541.27,259,2,0,0,0,upi,17,0
txn_102984,596.87,316,1,0,0,0,upi,19,0
txn_102985,407.82,631,9,0,0,0,upi,9,0
txn_102986,2419.59,301,0,0,0,0,credit_card,17,0
txn_102987,573.59,232,6,0,0,1,upi,20,0
txn_102988,1994.5,12,4,0,0,0,credit_card,20,0
txn_102989,1154.29,11,1,0,0,0,debit_card,18,0
txn_102990,859.92,13,3,0,0,0,credit_card,11,0
txn_102991,402.17,144,1,0,0,0,upi,10,0
txn_102992,14909.08,0,4,0,0,0,upi,19,0
txn_102993,3704.64,117,0,0,0,0,credit_card,17,0
txn_102994,1524.26,110,1,0,0,0,credit_card,15,1
txn_102995,6178.63,27,12,0,1,0,upi,20,0
txn_102996,836.92,162,1,0,1,0,wallet,12,0
txn_102997,857.38,96,3,0,0,0,net_banking,16,0
txn_102998,1184.13,157,10,1,0,0,credit_card,4,0
txn_102999,920.07,10,4,0,0,0,credit_card,16,0
txn_103000,2731.22,174,4,1,0,0,credit_card,10,0
txn_103001,1819.85,105,0,0,0,0,upi,11,0
txn_103002,1809.96,10,1,0,0,0,upi,7,0
txn_103003,2733.02,283,4,0,0,0,upi,21,0
txn_103004,1402.73,399,10,1,1,0,credit_card,15,0
txn_103005,4536.39,87,8,0,0,0,wallet,15,0
txn_103006,1962.01,306,13,0,1,0,debit_card,13,0
txn_103007,720.12,29,4,1,0,0,credit_card,9,0
txn_103008,3176.53,190,7,1,0,1,credit_card,18,0
txn_103009,2372.64,112,9,0,0,0,net_banking,15,0
txn_103010,4755.66,9,3,0,0,0,credit_card,8,0
txn_103011,182.85,6,3,0,0,0,credit_card,14,0
txn_103012,1102.07,248,0,0,1,0,net_banking,12,0
txn_103013,846.19,136,2,0,0,0,credit_card,20,0
txn_103014,21307.84,4,2,0,0,0,debit_card,15,0
txn_103015,1000.65,9,2,0,0,0,credit_card,14,0
txn_103016,1430.02,6,2,0,0,0,credit_card,18,0
txn_103017,1983.98,619,3,1,1,0,upi,19,0
txn_103018,4056.47,18,4,0,0,0,net_banking,9,0
txn_103019,979.8,75,4,0,0,0,upi,16,0
txn_103020,2029.89,3,4,1,0,0,upi,20,0
txn_103021,1178.76,260,0,0,1,0,credit_card,20,0
txn_103022,642.31,143,3,1,1,0,debit_card,14,0
txn_103023,909.2,60,0,0,0,0,credit_card,9,0
txn_103024,542.18,122,1,0,0,0,upi,15,0
txn_103025,5362.56,14,4,0,0,0,debit_card,13,0
txn_103026,2696.05,336,6,2,0,0,upi,17,0
txn_103027,1354.64,97,2,0,0,0,upi,11,0
txn_103028,1697.9,64,18,0,1,0,upi,17,0
txn_103029,1147.41,261,4,0,0,0,debit_card,18,0
txn_103030,3122.59,3,3,1,0,0,wallet,9,0
txn_103031,3816.14,49,3,0,0,0,debit_card,9,0
txn_103032,444.8,289,1,0,0,0,debit_card,18,0
txn_103033,1665.62,314,0,0,1,0,credit_card,19,0
txn_103034,888.57,105,1,0,0,0,upi,16,0
txn_103035,5434.36,11,4,0,0,0,upi,17,0
txn_103036,1041.65,175,4,0,0,0,net_banking,12,0
txn_103037,975.98,45,0,0,0,0,net_banking,12,0
txn_103038,2328.12,217,0,0,0,0,credit_card,19,0
txn_103039,1896.7,133,1,0,1,0,upi,20,0
txn_103040,2403.14,31,0,0,0,0,credit_card,18,0
txn_103041,886.09,336,7,2,1,0,credit_card,11,0
txn_103042,6966.53,313,0,0,0,0,net_banking,20,0
txn_103043,824.94,402,5,0,0,1,wallet,18,0
txn_103044,3095.63,49,1,0,0,0,upi,22,0
txn_103045,2138.55,31,3,1,0,0,debit_card,10,0
txn_103046,896.81,105,8,0,1,0,credit_card,20,0
txn_103047,1023.86,26,4,0,1,0,credit_card,7,0
txn_103048,502.14,618,9,0,0,0,net_banking,18,0
txn_103049,2485.34,131,1,0,0,0,net_banking,18,0
txn_103050,1127.25,156,0,0,0,0,debit_card,18,0
txn_103051,3838.56,227,5,0,0,0,upi,14,0
txn_103052,318.9,3,1,0,0,0,debit_card,11,0
txn_103053,801.66,6,4,0,0,0,debit_card,10,0
txn_103054,909.97,245,0,0,0,0,credit_card,16,0
txn_103055,1047.71,5,3,0,1,0,debit_card,0,0
txn_103056,2681.1,157,10,0,0,0,debit_card,15,0
txn_103057,7967.09,92,1,0,0,0,debit_card,13,0
txn_103058,435.82,124,0,0,1,0,wallet,21,0
txn_103059,295.05,8,3,0,0,0,upi,18,0
txn_103060,1756.09,0,4,0,0,0,debit_card,8,0
txn_103061,1524.51,281,0,0,0,0,credit_card,12,0
txn_103062,1189.1,13,4,0,0,0,credit_card,19,0
txn_103063,1350.24,416,0,0,1,0,credit_card,15,0
txn_103064,580.38,5,3,2,0,0,credit_card,14,0
txn_103065,485.17,47,3,0,0,0,debit_card,18,0
txn_103066,1230.73,182,1,0,0,0,credit_card,14,0
txn_103067,674.0,221,1,0,0,0,credit_card,11,0
txn_103068,407.35,500,7,0,0,0,debit_card,11,0
txn_103069,1372.2,3,4,0,0,0,net_banking,8,0
txn_103070,803.48,146,8,1,0,0,upi,6,0
txn_103071,2586.3,85,1,0,1,0,credit_card,10,0
txn_103072,247.54,6,4,0,0,0,net_banking,21,0
txn_103073,258.25,88,3,0,0,0,debit_card,16,0
txn_103074,2006.15,2,4,0,0,0,credit_card,14,0
txn_103075,549.67,286,1,0,0,0,upi,18,0
txn_103076,1829.68,110,21,3,0,0,upi,18,0
txn_103077,2098.43,1006,0,0,0,0,net_banking,18,0
txn_103078,352.65,223,1,0,0,0,debit_card,9,0
txn_103079,2363.88,5,3,0,1,0,credit_card,15,0
txn_103080,979.62,294,8,1,1,0,debit_card,0,0
txn_103081,1448.57,55,0,0,0,0,debit_card,14,0
txn_103082,6665.0,98,14,0,0,1,upi,14,0
txn_103083,718.76,1,4,0,0,0,debit_card,12,0
txn_103084,634.18,161,12,1,1,0,debit_card,0,0
txn_103085,3938.29,165,3,0,0,0,credit_card,20,0
txn_103086,1163.12,490,3,0,0,0,debit_card,13,0
txn_103087,2522.03,122,6,0,0,0,debit_card,20,0
txn_103088,272.71,77,6,0,0,0,credit_card,15,0
txn_103089,564.09,121,1,0,0,1,credit_card,11,0
txn_103090,373.72,31,11,0,1,0,debit_card,9,0
txn_103091,2353.71,31,13,0,0,0,debit_card,17,0
txn_103092,700.44,13,1,0,0,0,credit_card,20,0
txn_103093,850.62,485,1,0,0,0,net_banking,17,0
txn_103094,391.11,10,2,0,0,0,credit_card,12,0
txn_103095,865.89,33,5,0,0,0,upi,20,0
txn_103096,3463.95,109,0,0,1,1,credit_card,16,0
txn_103097,1850.77,72,6,0,0,0,credit_card,17,0
txn_103098,12608.75,24,0,0,0,1,debit_card,22,0
txn_103099,2946.83,591,3,0,1,0,credit_card,7,0
txn_103100,1086.11,487,2,0,0,0,credit_card,13,0
txn_103101,3375.86,279,2,0,0,0,credit_card,16,0
txn_103102,1163.61,187,1,0,0,0,net_banking,6,0
txn_103103,2849.56,532,9,1,0,0,credit_card,14,0
txn_103104,2063.88,208,9,0,0,0,credit_card,17,0
txn_103105,268.4,36,2,0,0,0,credit_card,16,0
txn_103106,11000.53,120,5,0,0,0,credit_card,19,0
txn_103107,283.47,82,1,0,0,0,credit_card,12,0
txn_103108,9998.52,3,2,0,0,0,credit_card,19,0
txn_103109,6250.99,492,5,0,0,0,debit_card,7,0
txn_103110,1084.35,149,0,0,0,0,credit_card,15,0
txn_103111,1230.52,44,1,0,0,0,debit_card,14,0
txn_103112,5039.74,298,7,0,0,0,upi,16,0
txn_103113,2989.62,71,0,0,0,0,debit_card,23,0
txn_103114,1372.81,107,3,0,0,0,debit_card,14,0
txn_103115,5861.26,20,8,0,1,0,credit_card,10,0
txn_103116,543.13,3,1,1,0,0,upi,9,0
txn_103117,2798.8,380,3,1,0,0,wallet,7,0
txn_103118,617.01,213,9,0,0,1,credit_card,19,1
txn_103119,1340.88,115,1,0,0,1,credit_card,21,0
txn_103120,6362.13,82,3,0,0,0,upi,23,0
txn_103121,2550.12,115,12,0,0,1,credit_card,14,0
txn_103122,1944.98,477,0,0,0,0,credit_card,20,0
txn_103123,301.78,500,2,0,0,0,net_banking,9,0
txn_103124,498.1,129,14,0,0,0,credit_card,1,0
txn_103125,2455.06,14,4,0,0,0,net_banking,15,0
txn_103126,2625.8,205,7,1,0,0,debit_card,20,0
txn_103127,2462.43,12,4,1,0,0,credit_card,11,0
txn_103128,1162.62,158,1,0,0,0,credit_card,11,0
txn_103129,4334.4,13,2,0,0,0,debit_card,16,0
txn_103130,1841.12,92,10,1,0,1,net_banking,15,0
txn_103131,1210.19,9,1,0,0,0,credit_card,10,0
txn_103132,1084.08,99,0,0,1,0,credit_card,20,0
txn_103133,273.55,466,0,0,0,0,upi,13,0
txn_103134,1467.04,6,1,0,1,0,upi,16,0
txn_103135,1005.02,66,4,0,0,0,upi,0,0
txn_103136,832.04,110,4,0,0,0,credit_card,14,0
txn_103137,689.86,70,10,1,0,0,credit_card,13,0
txn_103138,923.01,4,4,0,0,1,debit_card,15,0
txn_103139,5965.95,7,4,1,0,0,wallet,12,0
txn_103140,2235.03,191,2,0,0,0,credit_card,20,0
txn_103141,1978.41,2,3,1,0,0,credit_card,13,0
txn_103142,432.32,507,2,0,0,0,upi,13,0
txn_103143,462.36,83,5,0,1,0,wallet,8,0
txn_103144,1704.18,31,0,0,0,0,credit_card,8,0
txn_103145,1247.03,203,1,0,0,0,debit_card,1,0
txn_103146,3276.73,12,2,0,0,0,debit_card,22,0
txn_103147,2750.17,6,2,0,0,0,upi,11,0
txn_103148,1006.64,77,1,0,0,0,upi,20,0
txn_103149,2960.98,1,3,0,0,0,debit_card,12,0
txn_103150,446.59,44,1,0,0,0,credit_card,10,0
txn_103151,2283.28,6,3,0,0,0,credit_card,8,0
txn_103152,1823.94,1353,2,0,0,1,debit_card,16,0
txn_103153,1948.61,153,1,0,1,0,debit_card,22,0
txn_103154,2885.13,85,1,0,0,0,credit_card,23,0
txn_103155,1028.26,128,0,0,0,0,credit_card,19,0
txn_103156,6642.46,10,3,0,1,0,debit_card,8,0
txn_103157,1790.14,189,1,0,0,0,credit_card,19,0
txn_103158,1260.44,5,1,0,0,0,debit_card,13,0
txn_103159,3132.26,182,2,0,0,0,credit_card,17,0
txn_103160,2305.28,333,2,0,0,0,debit_card,18,0
txn_103161,1156.72,303,3,0,0,0,credit_card,8,0
txn_103162,3904.46,41,1,0,0,0,credit_card,22,0
txn_103163,2135.57,49,0,0,0,0,upi,20,0
txn_103164,947.26,217,3,1,0,0,credit_card,13,0
txn_103165,1652.26,11,1,0,0,0,upi,12,0
txn_103166,682.19,310,5,0,0,0,upi,13,0
txn_103167,1219.3,3,2,0,0,0,upi,20,0
txn_103168,983.96,3,1,0,1,1,credit_card,13,0
txn_103169,652.61,13,3,1,1,0,upi,9,0
txn_103170,2028.71,0,3,1,0,0,upi,18,0
txn_103171,1427.9,337,8,1,0,0,net_banking,8,0
txn_103172,1093.62,51,0,0,0,0,debit_card,13,0
txn_103173,2855.67,7,2,1,0,0,upi,20,0
txn_103174,3027.81,33,4,0,0,0,credit_card,5,0
txn_103175,934.1,17,1,0,0,0,net_banking,15,0
txn_103176,322.81,8,2,0,1,0,upi,15,0
txn_103177,612.69,160,2,0,1,0,upi,8,0
txn_103178,2641.08,63,0,0,0,0,debit_card,17,0
txn_103179,847.17,276,6,0,0,0,wallet,16,0
txn_103180,815.84,9,1,0,1,0,upi,22,1
txn_103181,1731.02,134,2,0,0,0,credit_card,21,0
txn_103182,2913.56,2,3,0,0,0,debit_card,21,0
txn_103183,408.18,295,11,0,0,0,net_banking,13,0
txn_103184,789.72,196,4,1,0,0,upi,1,0
txn_103185,8610.2,9,4,0,0,0,credit_card,14,0
txn_103186,2589.8,1052,0,0,0,0,wallet,5,0
txn_103187,1060.42,10,3,1,0,0,credit_card,16,0
txn_103188,4108.47,6,2,0,1,0,credit_card,17,0
txn_103189,1653.04,11,4,0,0,0,credit_card,14,0
txn_103190,487.82,688,2,0,0,0,credit_card,18,0
txn_103191,1094.95,48,9,1,0,0,credit_card,14,0
txn_103192,2875.06,151,5,0,1,0,credit_card,19,0
txn_103193,1479.56,98,3,1,0,0,credit_card,20,0
txn_103194,482.72,7,3,0,0,0,upi,13,0
txn_103195,2510.8,318,8,0,0,0,debit_card,9,0
txn_103196,782.97,110,1,0,0,0,upi,18,0
txn_103197,1451.06,525,9,0,0,0,net_banking,17,0
txn_103198,2230.36,220,6,0,0,0,upi,11,0
txn_103199,1583.45,447,8,1,0,0,net_banking,11,0
txn_103200,2424.78,300,2,1,0,0,debit_card,17,0
txn_103201,3753.44,307,0,0,0,0,credit_card,9,0
txn_103202,1186.02,8,4,0,0,0,upi,13,0
txn_103203,5875.73,174,0,0,0,0,debit_card,17,0
txn_103204,1234.58,375,0,0,0,0,net_banking,12,0
txn_103205,844.09,351,6,2,0,0,debit_card,17,0
txn_103206,1136.02,131,0,0,1,0,upi,14,0
txn_103207,2155.44,5,3,0,1,0,upi,17,0
txn_103208,742.3,85,9,3,0,0,upi,17,0
txn_103209,1115.07,266,1,0,1,0,credit_card,23,0
txn_103210,1885.19,287,10,0,0,0,credit_card,13,0
txn_103211,1590.97,161,11,0,0,0,debit_card,11,0
txn_103212,2314.93,154,2,0,0,0,net_banking,16,0
txn_103213,1065.77,54,2,0,0,0,debit_card,19,0
txn_103214,1489.29,73,0,0,0,0,debit_card,3,0
txn_103215,1724.77,49,0,0,0,0,upi,15,0
txn_103216,1293.1,57,2,0,0,0,upi,2,0
txn_103217,2005.49,79,5,0,1,1,upi,17,0
txn_103218,194.57,185,3,0,0,0,wallet,15,0
txn_103219,1562.29,439,0,0,0,0,upi,16,0
txn_103220,1733.38,902,2,0,0,0,net_banking,11,0
txn_103221,271.89,244,5,0,0,0,credit_card,18,0
txn_103222,481.58,193,0,0,0,0,debit_card,19,0
txn_103223,2505.94,7,4,0,0,0,credit_card,13,0
txn_103224,5659.45,13,2,0,0,0,debit_card,18,0
txn_103225,4619.63,8,3,0,0,0,debit_card,9,0
txn_103226,838.05,294,0,0,1,0,net_banking,19,0
txn_103227,1069.58,582,5,0,0,1,debit_card,9,0
txn_103228,1508.92,234,5,0,0,0,wallet,10,0
txn_103229,1700.7,33,1,0,0,0,credit_card,8,0
txn_103230,932.6,143,1,0,0,0,upi,18,0
txn_103231,1177.02,72,0,0,0,0,credit_card,8,0
txn_103232,1147.77,356,1,0,0,1,upi,20,0
txn_103233,734.56,76,7,1,0,0,net_banking,17,0
txn_103234,647.51,111,1,0,0,1,net_banking,12,0
txn_103235,1434.3,66,1,0,0,0,credit_card,19,0
txn_103236,920.26,30,0,0,1,0,upi,21,0
txn_103237,2443.45,108,2,0,0,0,net_banking,18,0
txn_103238,2755.83,112,2,0,0,0,upi,10,0
txn_103239,324.43,269,4,1,0,0,upi,12,0
txn_103240,2326.78,8,1,0,0,1,credit_card,15,0
txn_103241,1302.87,449,7,0,0,0,credit_card,12,0
txn_103242,2859.65,191,3,0,0,0,credit_card,19,0
txn_103243,1113.95,208,3,1,0,1,upi,17,0
txn_103244,4395.09,14,4,1,0,1,debit_card,8,0
txn_103245,2046.79,169,2,0,0,0,credit_card,14,0
txn_103246,1327.56,12,4,0,1,0,net_banking,0,0
txn_103247,2015.64,66,1,0,0,0,debit_card,6,0
txn_103248,1621.67,1,2,0,0,0,credit_card,1,0
txn_103249,3649.93,36,3,0,0,0,credit_card,17,0
txn_103250,1812.15,34,3,0,0,0,upi,16,0
txn_103251,161.9,154,6,0,0,0,net_banking,15,0
txn_103252,2687.13,208,0,0,0,0,debit_card,10,0
txn_103253,475.68,93,1,0,0,0,debit_card,19,0
txn_103254,2487.13,478,17,0,0,0,debit_card,10,0
txn_103255,440.46,2,1,0,1,0,upi,14,0
txn_103256,3733.28,203,6,0,0,0,credit_card,7,0
txn_103257,909.31,6,3,0,0,0,credit_card,5,1
txn_103258,1589.61,60,12,0,0,0,upi,11,0
txn_103259,1177.39,75,0,0,0,0,debit_card,11,0
txn_103260,2357.03,7,2,0,0,0,credit_card,21,0
txn_103261,18533.65,300,1,0,0,0,debit_card,0,0
txn_103262,714.4,19,1,0,0,0,credit_card,17,0
txn_103263,1082.49,84,0,0,0,0,credit_card,14,0
txn_103264,572.24,721,0,0,0,0,upi,20,0
txn_103265,1053.47,0,3,0,0,0,credit_card,11,0
txn_103266,1000.62,254,3,0,0,0,upi,9,0
txn_103267,1693.83,417,2,0,0,0,credit_card,20,0
txn_103268,1065.47,24,0,0,1,0,upi,9,0
txn_103269,221.6,78,3,0,0,0,credit_card,10,0
txn_103270,1855.49,92,1,0,0,0,upi,13,0
txn_103271,3437.47,97,19,0,0,0,wallet,15,0
txn_103272,2370.53,392,4,0,1,0,upi,11,0
txn_103273,408.0,194,1,0,0,0,credit_card,2,1
txn_103274,4269.07,65,1,0,0,0,upi,14,0
txn_103275,1104.21,112,0,0,0,0,credit_card,7,0
txn_103276,362.44,599,0,0,0,0,credit_card,14,0
txn_103277,2141.07,95,0,0,1,0,upi,19,0
txn_103278,526.55,52,4,0,1,0,net_banking,13,1
txn_103279,4027.47,427,9,0,0,0,credit_card,20,0
txn_103280,783.51,70,4,0,0,0,upi,19,0
txn_103281,489.15,59,0,0,0,0,net_banking,11,0
txn_103282,1429.34,159,2,0,0,0,upi,9,0
txn_103283,2274.37,1,1,0,0,0,credit_card,21,0
txn_103284,576.67,196,3,1,0,0,debit_card,21,0
txn_103285,856.28,474,2,0,1,0,credit_card,19,0
txn_103286,287.57,197,0,0,1,0,wallet,9,0
txn_103287,558.52,739,1,0,0,0,wallet,9,0
txn_103288,3927.92,93,2,0,0,0,debit_card,11,0
txn_103289,461.32,17,1,0,0,0,debit_card,12,0
txn_103290,256.12,83,0,0,0,0,debit_card,10,0
txn_103291,971.19,935,0,0,0,1,wallet,11,0
txn_103292,3147.16,11,4,1,0,0,credit_card,10,0
txn_103293,560.48,148,8,0,0,0,debit_card,14,0
txn_103294,1024.25,6,1,0,0,0,credit_card,12,0
txn_103295,1238.36,2,1,0,1,1,upi,13,1
txn_103296,1691.09,331,1,0,0,1,debit_card,14,0
txn_103297,3277.61,386,0,0,0,0,credit_card,13,0
txn_103298,6644.26,248,0,0,0,0,credit_card,19,0
txn_103299,1469.91,158,4,0,0,0,credit_card,23,0
txn_103300,1077.39,106,4,0,1,0,debit_card,10,0
txn_103301,1125.5,2,4,0,0,0,debit_card,12,0
txn_103302,494.29,464,0,0,0,0,upi,8,0
txn_103303,849.3,8,3,0,0,0,debit_card,15,0
txn_103304,5986.85,163,5,0,1,0,credit_card,22,0
txn_103305,684.73,345,6,0,0,0,credit_card,17,0
txn_103306,1304.9,181,1,0,0,0,debit_card,12,0
txn_103307,277.86,549,5,2,0,0,net_banking,18,0
txn_103308,1477.56,78,2,0,1,0,debit_card,11,0
txn_103309,1503.55,47,4,0,0,0,debit_card,22,0
txn_103310,2671.18,631,2,1,0,0,debit_card,8,0
txn_103311,363.73,259,1,0,1,0,upi,11,0
txn_103312,1271.91,242,5,0,0,0,credit_card,12,0
txn_103313,982.96,14,3,0,0,0,upi,19,0
txn_103314,850.92,10,1,0,0,0,debit_card,16,0
txn_103315,1172.16,196,1,0,0,0,upi,17,0
txn_103316,1205.01,59,1,0,0,0,debit_card,14,1
txn_103317,311.27,182,26,10,0,0,debit_card,15,1
txn_103318,2188.72,204,7,0,0,0,credit_card,11,0
txn_103319,4309.53,173,5,0,0,0,upi,2,0
txn_103320,1953.2,34,0,0,0,0,upi,19,0
txn_103321,957.93,95,12,0,0,0,credit_card,19,0
txn_103322,1828.24,138,0,0,0,0,credit_card,9,0
txn_103323,457.03,0,3,1,0,0,upi,17,0
txn_103324,567.95,25,2,0,0,0,credit_card,18,0
txn_103325,3095.23,7,2,0,0,0,upi,10,0
txn_103326,3164.3,75,0,0,0,0,upi,12,0
txn_103327,3949.58,91,0,0,0,0,credit_card,12,0
txn_103328,1828.63,81,3,0,0,0,credit_card,17,0
txn_103329,679.34,204,0,0,0,0,net_banking,18,0
txn_103330,483.84,525,7,0,0,0,upi,7,0
txn_103331,346.67,45,2,0,0,0,upi,13,0
txn_103332,7618.63,188,4,0,0,1,credit_card,11,1
txn_103333,1027.6,2,4,0,0,0,upi,18,0
txn_103334,771.67,125,4,0,1,1,credit_card,15,0
txn_103335,658.11,306,3,0,0,0,credit_card,18,0
txn_103336,244.27,342,9,0,0,0,upi,20,0
txn_103337,1896.3,557,8,0,0,0,upi,13,0
txn_103338,1031.63,1,1,0,0,1,debit_card,11,0
txn_103339,3760.79,168,3,1,0,0,debit_card,5,0
txn_103340,1145.94,23,7,0,0,0,credit_card,17,0
txn_103341,1131.69,239,2,0,0,0,upi,23,0
txn_103342,2978.42,116,4,0,0,0,debit_card,20,0
txn_103343,1039.74,175,20,0,0,0,credit_card,19,0
txn_103344,432.56,147,11,0,0,0,upi,19,0
txn_103345,719.43,113,4,0,0,0,credit_card,16,0
txn_103346,2250.24,154,4,0,1,0,upi,13,0
txn_103347,6197.96,4,3,0,0,0,upi,17,0
txn_103348,754.02,182,0,0,0,0,wallet,18,0
txn_103349,703.33,223,3,0,0,0,upi,17,0
txn_103350,2814.1,416,0,0,0,0,upi,8,0
txn_103351,1638.78,44,0,0,0,0,debit_card,5,0
txn_103352,1200.94,91,3,1,0,0,credit_card,11,0
txn_103353,1411.58,261,2,0,0,0,upi,16,0
txn_103354,3235.69,70,7,0,0,0,credit_card,1,0
txn_103355,506.42,62,0,0,0,0,debit_card,18,0
txn_103356,2161.74,80,0,0,0,0,upi,11,0
txn_103357,357.3,294,0,0,0,0,credit_card,13,0
txn_103358,2974.47,5,3,0,0,0,credit_card,12,0
txn_103359,638.44,7,2,0,0,0,credit_card,11,0
txn_103360,3255.92,166,3,0,0,0,debit_card,20,0
txn_103361,402.13,11,3,1,0,0,debit_card,16,0
txn_103362,574.05,219,1,0,0,0,net_banking,18,0
txn_103363,1834.08,266,2,0,0,0,credit_card,15,0
txn_103364,4519.05,2,1,0,0,0,net_banking,18,0
txn_103365,422.24,4,4,1,0,0,upi,8,0
txn_103366,1225.05,174,7,2,0,0,debit_card,16,0
txn_103367,3341.73,2,2,0,0,0,debit_card,18,0
txn_103368,2319.43,135,1,0,0,0,net_banking,9,0
txn_103369,755.98,56,1,0,0,0,upi,9,0
txn_103370,3450.49,162,9,0,0,0,debit_card,12,0
txn_103371,255.03,355,3,0,0,0,upi,1,0
txn_103372,1292.63,99,5,0,0,1,credit_card,12,0
txn_103373,997.95,454,3,0,0,0,debit_card,15,0
txn_103374,6594.69,15,2,0,0,0,credit_card,20,0
txn_103375,2991.5,260,2,0,0,1,upi,22,0
txn_103376,225.9,289,2,0,0,0,upi,15,0
txn_103377,2343.77,374,11,4,0,0,upi,11,0
txn_103378,1746.52,23,13,0,0,0,credit_card,9,0
txn_103379,1237.75,21,3,1,0,0,credit_card,13,0
txn_103380,810.35,103,0,0,0,0,credit_card,19,0
txn_103381,4124.74,3,3,0,1,1,credit_card,19,1
txn_103382,739.21,13,2,0,0,0,debit_card,1,0
txn_103383,252.11,0,2,0,0,0,credit_card,15,1
txn_103384,6363.94,7,1,0,1,0,credit_card,16,1
txn_103385,350.53,319,0,0,0,1,upi,12,0
txn_103386,700.73,159,0,0,0,0,credit_card,22,0
txn_103387,2346.97,6,3,1,0,0,credit_card,9,0
txn_103388,976.98,96,4,0,0,1,net_banking,16,0
txn_103389,1748.16,77,3,1,0,0,credit_card,19,0
txn_103390,996.95,576,1,0,0,1,credit_card,19,0
txn_103391,1314.03,221,4,0,0,0,credit_card,22,0
txn_103392,376.22,4,3,0,0,0,credit_card,8,0
txn_103393,761.78,42,15,0,0,0,debit_card,2,0
txn_103394,1547.36,276,6,0,0,1,debit_card,20,0
txn_103395,7244.66,216,1,0,0,0,debit_card,18,0
txn_103396,2266.53,198,0,0,1,0,net_banking,22,0
txn_103397,771.75,3,2,0,0,1,credit_card,9,0
txn_103398,2664.96,128,2,0,1,0,debit_card,12,0
txn_103399,9269.08,24,15,6,0,0,credit_card,21,0
txn_103400,1605.46,224,3,0,0,0,net_banking,11,0
txn_103401,1150.06,70,0,0,0,0,debit_card,9,0
txn_103402,974.21,47,9,0,1,0,credit_card,13,0
txn_103403,1316.49,443,0,0,0,0,debit_card,6,0
txn_103404,642.5,47,0,0,0,0,debit_card,17,0
txn_103405,4992.77,592,6,0,0,0,credit_card,19,0
txn_103406,749.68,75,11,0,0,0,credit_card,12,0
txn_103407,2017.53,93,8,0,0,0,debit_card,9,0
txn_103408,1551.5,9,4,1,0,0,upi,8,0
txn_103409,1862.67,44,1,0,0,0,upi,9,0
txn_103410,2606.77,13,1,0,0,0,upi,20,0
txn_103411,1173.35,17,0,0,0,0,credit_card,16,0
txn_103412,1092.78,11,4,0,0,1,net_banking,9,1
txn_103413,5413.42,7,1,0,0,0,upi,12,0
txn_103414,568.09,6,4,0,0,0,credit_card,17,0
txn_103415,1315.05,98,3,0,0,0,debit_card,9,0
txn_103416,5182.28,4,1,0,0,1,upi,6,0
txn_103417,424.14,221,1,0,0,0,credit_card,21,0
txn_103418,1641.61,314,5,0,0,0,debit_card,14,1
txn_103419,266.27,52,2,0,0,0,credit_card,22,0
txn_103420,1296.79,75,2,0,0,0,wallet,14,0
txn_103421,575.06,7,4,0,0,0,wallet,21,0
txn_103422,950.5,80,3,0,0,0,credit_card,20,0
txn_103423,781.27,60,3,0,0,0,debit_card,20,1
txn_103424,4659.66,23,3,1,0,0,upi,16,0
txn_103425,742.79,128,10,1,0,0,credit_card,11,0
txn_103426,3603.14,1,2,0,1,0,upi,0,0
txn_103427,909.24,256,0,0,0,0,debit_card,18,0
txn_103428,2442.26,109,1,0,0,0,upi,19,0
txn_103429,170.13,1,2,0,0,1,credit_card,10,0
txn_103430,755.36,204,9,0,0,1,debit_card,12,0
txn_103431,1985.25,111,2,0,1,0,debit_card,15,0
txn_103432,1664.54,65,4,0,0,0,wallet,19,0
txn_103433,4690.4,298,2,0,0,0,credit_card,18,0
txn_103434,1035.31,65,6,0,0,0,upi,17,0
txn_103435,1335.81,62,4,0,1,1,upi,8,0
txn_103436,940.14,15,16,1,0,0,credit_card,15,0
txn_103437,3913.38,52,14,0,0,0,upi,19,0
txn_103438,8538.22,233,4,1,0,0,credit_card,12,0
txn_103439,1624.7,6,2,0,0,0,debit_card,19,0
txn_103440,1362.67,440,1,0,0,0,debit_card,17,0
txn_103441,5217.09,62,4,0,0,0,credit_card,18,0
txn_103442,789.46,74,0,0,0,0,upi,9,0
txn_103443,3579.07,49,9,0,0,0,debit_card,18,0
txn_103444,740.0,13,2,0,0,0,debit_card,13,0
txn_103445,537.55,8,4,0,0,0,credit_card,19,0
txn_103446,931.62,9,4,0,0,0,credit_card,21,0
txn_103447,817.87,84,4,0,1,0,debit_card,18,1
txn_103448,1250.72,26,3,0,0,1,credit_card,14,0
txn_103449,484.08,14,1,0,1,0,credit_card,17,0
txn_103450,1369.81,175,1,0,0,0,wallet,12,0
txn_103451,2739.97,69,0,0,0,0,credit_card,10,0
txn_103452,497.22,316,12,1,0,0,upi,21,0
txn_103453,3056.39,7,1,0,0,0,wallet,21,0
txn_103454,2877.89,35,9,0,0,0,credit_card,18,0
txn_103455,2020.27,180,11,0,1,0,wallet,18,0
txn_103456,595.47,184,6,0,0,1,upi,21,0
txn_103457,1216.13,680,4,0,1,1,credit_card,14,0
txn_103458,5263.65,182,4,1,0,0,upi,14,0
txn_103459,826.35,129,16,1,0,0,upi,21,0
txn_103460,2920.3,224,10,1,0,0,debit_card,22,0
txn_103461,3161.98,135,7,1,0,0,debit_card,14,0
txn_103462,2079.4,29,0,0,0,0,upi,17,0
txn_103463,1189.9,73,1,0,0,0,credit_card,16,0
txn_103464,896.53,47,2,0,0,0,credit_card,19,0
txn_103465,733.75,733,3,1,0,0,upi,15,0
txn_103466,1276.39,11,2,0,0,0,upi,10,0
txn_103467,526.81,123,2,0,0,0,credit_card,13,0
txn_103468,3360.84,253,2,0,0,0,upi,9,0
txn_103469,2278.3,11,4,1,0,0,upi,11,0
txn_103470,732.21,5,2,0,0,0,credit_card,17,0
txn_103471,6272.35,8,2,0,0,0,credit_card,1,1
txn_103472,1116.81,47,4,0,0,0,credit_card,8,0
txn_103473,2552.64,1,3,0,0,0,credit_card,14,0
txn_103474,1186.78,306,14,0,0,0,net_banking,22,0
txn_103475,717.49,308,1,1,0,0,credit_card,13,0
txn_103476,1836.13,330,3,1,1,0,credit_card,10,0
txn_103477,8145.38,10,4,0,0,0,debit_card,18,0
txn_103478,247.85,262,0,0,0,0,upi,13,0
txn_103479,2481.27,79,2,0,0,0,credit_card,10,0
txn_103480,571.58,329,6,0,0,0,upi,17,0
txn_103481,8375.28,30,28,0,0,0,credit_card,18,0
txn_103482,912.3,10,3,0,0,0,credit_card,11,0
txn_103483,388.44,83,0,0,1,0,upi,17,0
txn_103484,755.91,289,0,0,0,0,upi,11,0
txn_103485,3232.4,81,4,0,1,0,upi,18,0
txn_103486,356.86,504,2,0,0,0,credit_card,6,0
txn_103487,771.42,274,3,0,0,0,upi,13,0
txn_103488,727.63,900,1,0,0,0,upi,19,0
txn_103489,1817.69,281,3,0,0,0,net_banking,19,0
txn_103490,1630.16,219,5,0,0,0,upi,7,0
txn_103491,6316.76,95,4,0,0,0,credit_card,14,0
txn_103492,445.94,45,4,0,0,0,net_banking,19,0
txn_103493,368.05,123,3,0,1,0,wallet,20,0
txn_103494,391.24,419,1,0,0,0,credit_card,9,0
txn_103495,436.06,422,1,0,1,0,upi,17,0
txn_103496,614.32,12,2,0,0,0,upi,17,0
txn_103497,1068.38,30,2,0,0,0,debit_card,13,0
txn_103498,343.51,19,0,0,0,0,debit_card,10,0
txn_103499,259.51,506,1,0,0,0,debit_card,4,0
txn_103500,394.04,211,0,0,0,0,upi,11,0
txn_103501,424.13,6,4,0,0,0,debit_card,20,0
txn_103502,359.61,156,6,0,0,0,net_banking,15,0
txn_103503,1037.29,1,4,0,0,0,credit_card,17,0
txn_103504,427.07,176,8,0,0,0,upi,21,0
txn_103505,1874.13,18,3,1,0,0,credit_card,18,0
txn_103506,932.81,12,3,1,0,0,credit_card,14,0
txn_103507,4994.54,6,3,0,0,0,upi,19,0
txn_103508,797.22,6,1,0,0,0,upi,7,0
txn_103509,530.4,47,16,0,0,0,net_banking,19,0
txn_103510,5765.22,502,4,0,0,0,upi,8,0
txn_103511,2010.42,79,2,0,0,0,credit_card,8,0
txn_103512,2102.65,145,2,0,0,0,credit_card,21,0
txn_103513,401.85,123,0,0,0,0,upi,11,0
txn_103514,1267.5,34,8,0,0,0,debit_card,22,0
txn_103515,858.45,120,3,1,0,0,upi,16,0
txn_103516,806.78,102,4,0,0,1,credit_card,18,0
txn_103517,400.21,202,4,0,0,1,upi,13,0
txn_103518,500.3,42,9,0,0,1,credit_card,17,0
txn_103519,10051.3,91,1,0,1,0,upi,17,0
txn_103520,2804.83,432,1,0,0,0,upi,10,0
txn_103521,598.09,25,2,0,1,0,debit_card,14,0
txn_103522,907.44,472,9,0,0,0,credit_card,15,0
txn_103523,1005.44,9,2,0,0,0,upi,15,0
txn_103524,1627.03,198,2,0,0,0,credit_card,15,0
txn_103525,3000.63,7,2,0,0,0,upi,21,0
txn_103526,879.71,70,2,0,0,0,credit_card,10,0
txn_103527,628.37,350,11,0,0,0,credit_card,8,0
txn_103528,876.81,193,2,0,0,0,credit_card,20,0
txn_103529,400.71,149,1,0,1,0,credit_card,10,0
txn_103530,406.97,281,3,1,0,0,credit_card,11,0
txn_103531,1121.74,153,0,0,0,0,credit_card,13,0
txn_103532,889.21,35,5,2,0,0,upi,20,0
txn_103533,4286.81,407,2,0,0,0,credit_card,22,0
txn_103534,1280.55,41,2,0,0,0,debit_card,12,0
txn_103535,430.24,337,1,0,0,0,credit_card,10,0
txn_103536,1595.27,269,3,0,0,1,upi,13,0
txn_103537,1615.77,45,1,0,0,0,wallet,15,0
txn_103538,985.88,14,4,0,0,0,debit_card,17,0
txn_103539,483.44,159,3,0,0,0,upi,17,0
txn_103540,2571.26,12,4,0,0,0,upi,14,0
txn_103541,775.04,36,15,0,0,1,credit_card,19,0
txn_103542,5989.92,40,4,0,0,0,debit_card,12,0
txn_103543,441.9,9,4,1,0,0,credit_card,16,0
txn_103544,317.74,521,2,0,0,0,credit_card,13,0
txn_103545,1698.12,184,12,1,0,0,credit_card,13,0
txn_103546,6291.46,214,3,0,0,0,credit_card,6,0
txn_103547,3316.93,142,1,0,1,1,wallet,22,0
txn_103548,796.74,4,4,0,1,1,net_banking,13,0
txn_103549,800.33,647,0,0,0,0,wallet,19,0
txn_103550,2224.5,94,9,0,0,0,wallet,14,0
txn_103551,3628.05,187,0,0,0,0,upi,18,1
txn_103552,1076.8,205,4,0,0,0,debit_card,6,0
txn_103553,2186.52,37,4,0,0,0,upi,12,0
txn_103554,4086.59,425,2,0,0,0,net_banking,15,0
txn_103555,23933.18,8,1,0,0,0,credit_card,17,0
txn_103556,689.9,30,1,0,0,0,wallet,19,0
txn_103557,956.73,265,0,0,0,0,net_banking,20,0
txn_103558,1343.64,114,4,0,0,0,credit_card,7,0
txn_103559,964.96,199,1,0,0,0,upi,15,0
txn_103560,188.84,13,3,0,0,0,credit_card,6,0
txn_103561,1111.78,35,3,0,0,0,credit_card,11,0
txn_103562,1845.72,34,3,0,0,0,credit_card,15,0
txn_103563,2355.42,100,11,0,0,0,wallet,20,0
txn_103564,760.86,118,2,0,0,0,credit_card,21,0
txn_103565,1087.78,8,1,0,0,0,credit_card,22,0
txn_103566,1103.09,154,5,2,0,1,upi,20,0
txn_103567,451.28,6,4,0,0,0,debit_card,21,0
txn_103568,4895.13,153,3,0,0,0,debit_card,8,0
txn_103569,172.54,122,4,0,0,0,upi,18,0
txn_103570,1836.57,242,5,0,0,1,credit_card,13,0
txn_103571,809.96,71,6,0,0,0,debit_card,7,0
txn_103572,575.77,195,7,0,0,0,credit_card,13,0
txn_103573,720.49,406,1,0,0,0,upi,15,0
txn_103574,497.54,32,5,0,1,0,credit_card,13,0
txn_103575,4052.66,11,3,0,0,0,upi,23,0
txn_103576,487.64,45,1,1,0,1,credit_card,10,1
txn_103577,753.34,207,0,0,1,0,upi,13,0
txn_103578,675.56,211,1,0,0,1,upi,16,0
txn_103579,300.87,285,3,1,0,0,upi,10,0
txn_103580,2026.27,8,4,0,0,0,debit_card,21,0
txn_103581,599.7,83,1,0,0,0,upi,17,0
txn_103582,1308.77,378,4,0,0,0,credit_card,2,0
txn_103583,3736.18,168,7,2,0,0,debit_card,18,0
txn_103584,1454.54,4,2,0,0,0,wallet,9,1
txn_103585,3447.59,196,0,0,0,0,credit_card,3,0
txn_103586,564.23,11,2,0,0,0,credit_card,17,0
txn_103587,784.56,240,0,0,0,0,upi,14,0
txn_103588,2034.48,419,5,0,0,0,wallet,20,0
txn_103589,835.62,504,1,0,0,1,credit_card,11,0
txn_103590,2238.05,39,2,0,1,0,net_banking,10,0
txn_103591,5719.18,5,4,1,0,0,upi,17,0
txn_103592,1034.91,26,0,0,0,0,net_banking,10,0
txn_103593,3656.88,8,2,0,0,0,debit_card,5,0
txn_103594,1947.21,468,1,0,0,0,debit_card,9,0
txn_103595,1630.57,217,3,0,0,0,credit_card,11,0
txn_103596,349.59,186,2,0,0,0,upi,18,0
txn_103597,1436.56,11,3,0,0,0,credit_card,11,0
txn_103598,1553.76,71,1,0,0,0,debit_card,10,0
txn_103599,1257.76,17,8,0,0,0,upi,13,0
txn_103600,543.92,194,0,0,0,0,wallet,13,0
txn_103601,1860.4,280,0,0,0,0,upi,18,0
txn_103602,482.78,10,3,1,1,0,net_banking,20,0
txn_103603,2089.9,205,9,2,0,0,credit_card,6,0
txn_103604,682.06,134,1,0,0,0,upi,4,0
txn_103605,524.13,252,0,0,0,0,credit_card,17,0
txn_103606,1273.08,336,8,3,0,1,credit_card,17,0
txn_103607,2169.57,204,13,0,0,0,credit_card,20,0
txn_103608,1451.96,74,2,0,0,0,debit_card,21,0
txn_103609,291.36,208,5,2,1,0,wallet,22,0
txn_103610,1690.72,6,2,0,0,0,debit_card,3,0
txn_103611,4041.86,330,0,0,0,0,credit_card,19,0
txn_103612,578.99,1296,0,0,0,0,net_banking,8,0
txn_103613,1403.19,215,0,0,0,0,debit_card,19,0
txn_103614,979.49,70,0,0,0,1,credit_card,12,0
txn_103615,1003.5,34,9,0,0,0,credit_card,18,0
txn_103616,383.07,21,2,0,0,0,debit_card,15,0
txn_103617,171.1,7,3,0,0,0,credit_card,15,0
txn_103618,1021.29,9,3,0,0,1,credit_card,21,0
txn_103619,2065.86,63,0,0,0,0,debit_card,9,0
txn_103620,204.41,525,6,0,0,0,upi,12,0
txn_103621,2517.5,190,0,0,0,0,credit_card,13,0
txn_103622,3180.35,151,7,0,0,0,credit_card,7,0
txn_103623,2386.13,250,6,1,0,0,upi,11,0
txn_103624,1310.87,27,8,0,0,0,upi,8,0
txn_103625,1229.44,53,3,1,0,1,upi,17,1
txn_103626,986.97,676,0,0,0,0,credit_card,17,0
txn_103627,453.4,173,3,1,0,0,wallet,13,0
txn_103628,1418.42,18,6,0,0,0,credit_card,13,0
txn_103629,2653.35,115,0,0,0,0,credit_card,21,0
txn_103630,5209.81,3,1,0,0,0,net_banking,12,0
txn_103631,345.17,76,12,1,0,1,credit_card,17,0
txn_103632,2801.71,81,2,0,0,0,credit_card,14,0
txn_103633,433.66,32,2,1,0,0,credit_card,10,0
txn_103634,3184.66,54,2,0,0,0,upi,7,0
txn_103635,410.17,105,1,0,0,0,wallet,20,0
txn_103636,912.03,29,4,0,0,0,credit_card,8,0
txn_103637,2037.07,273,3,0,0,0,net_banking,15,0
txn_103638,1201.5,33,2,0,0,1,credit_card,20,0
txn_103639,279.18,179,1,0,0,0,debit_card,17,0
txn_103640,15901.31,7,2,0,0,0,upi,21,0
txn_103641,327.0,261,7,0,0,0,credit_card,15,0
txn_103642,8797.89,312,7,2,0,0,net_banking,22,0
txn_103643,758.41,8,1,0,0,0,upi,17,0
txn_103644,1687.57,100,13,0,0,0,upi,16,0
txn_103645,3500.48,34,0,0,0,1,credit_card,16,0
txn_103646,689.49,301,2,0,1,0,wallet,8,0
txn_103647,1147.87,254,1,0,0,0,debit_card,9,0
txn_103648,1045.51,353,3,0,0,0,credit_card,17,0
txn_103649,507.81,18,2,0,0,0,wallet,23,0
txn_103650,192.89,1,3,0,0,0,net_banking,12,0
txn_103651,1175.68,0,1,1,0,0,debit_card,13,1
txn_103652,10557.68,145,9,0,0,0,credit_card,15,0
txn_103653,913.03,67,0,0,0,0,credit_card,17,0
txn_103654,873.91,43,9,0,0,0,debit_card,19,0
txn_103655,1371.08,25,8,1,0,0,upi,14,0
txn_103656,1106.76,416,0,0,0,0,wallet,7,0
txn_103657,441.02,74,1,0,0,1,credit_card,20,0
txn_103658,828.91,597,1,0,0,0,upi,18,0
txn_103659,1115.54,6,3,0,0,0,credit_card,19,0
txn_103660,2032.0,218,0,0,0,0,wallet,14,0
txn_103661,1273.1,15,1,0,0,1,credit_card,17,0
txn_103662,1985.2,302,1,0,0,0,credit_card,14,0
txn_103663,658.91,328,3,0,0,0,credit_card,17,0
txn_103664,806.82,21,8,0,0,0,upi,18,0
txn_103665,2601.76,8,2,0,0,0,credit_card,18,0
txn_103666,1390.64,26,14,0,0,0,upi,14,0
txn_103667,2695.28,81,1,0,0,0,net_banking,18,0
txn_103668,1670.24,149,4,0,0,0,upi,14,0
txn_103669,803.32,34,0,0,0,0,credit_card,13,0
txn_103670,1302.66,27,2,0,0,0,credit_card,3,0
txn_103671,2649.89,1,4,0,0,0,credit_card,18,0
txn_103672,3513.93,156,2,0,0,0,credit_card,14,0
txn_103673,1304.42,39,8,1,1,0,credit_card,19,0
txn_103674,767.75,212,1,0,0,0,wallet,16,0
txn_103675,183.58,291,1,0,0,0,credit_card,19,0
txn_103676,946.46,1,2,0,0,0,credit_card,14,0
txn_103677,348.7,122,4,1,0,0,credit_card,20,0
txn_103678,613.1,65,1,0,1,0,credit_card,11,0
txn_103679,2285.17,626,0,0,0,0,debit_card,12,0
txn_103680,1895.47,9,4,1,1,0,credit_card,14,0
txn_103681,712.31,8,4,0,0,0,debit_card,19,0
txn_103682,578.42,117,1,0,0,0,net_banking,5,0
txn_103683,3383.51,265,4,0,0,0,net_banking,16,0
txn_103684,245.82,42,0,0,0,0,upi,19,0
txn_103685,1446.85,211,3,1,0,0,credit_card,21,0
txn_103686,1669.2,9,1,0,1,0,upi,22,0
txn_103687,1093.8,136,17,0,0,0,wallet,6,0
txn_103688,13941.32,16,2,0,0,0,net_banking,11,0
txn_103689,1323.07,460,0,0,0,0,wallet,11,0
txn_103690,2102.94,206,5,0,0,0,upi,23,0
txn_103691,455.6,180,0,0,0,0,upi,9,0
txn_103692,581.9,704,6,0,0,0,wallet,13,0
txn_103693,950.0,1,3,0,0,0,credit_card,11,0
txn_103694,744.77,0,1,0,0,0,debit_card,10,0
txn_103695,3142.17,163,13,2,0,0,debit_card,11,0
txn_103696,2586.09,87,0,0,0,1,credit_card,18,0
txn_103697,2171.48,215,9,1,0,1,credit_card,15,0
txn_103698,3008.97,6,4,2,0,0,credit_card,22,0
txn_103699,2104.19,141,21,3,0,1,upi,17,0
txn_103700,5330.27,86,4,0,0,0,wallet,6,0
txn_103701,816.87,7,1,0,0,0,upi,12,0
txn_103702,2443.84,124,0,0,0,0,upi,12,0
txn_103703,1900.08,17,8,1,0,0,credit_card,17,0
txn_103704,3102.64,258,2,1,0,0,credit_card,12,0
txn_103705,873.66,102,0,0,0,0,upi,18,0
txn_103706,1224.33,164,7,1,0,0,debit_card,8,0
txn_103707,3160.5,1,2,0,0,0,upi,21,0
txn_103708,528.93,317,6,2,0,0,upi,7,0
txn_103709,321.87,3,1,0,0,0,credit_card,23,0
txn_103710,1655.02,52,16,0,0,0,credit_card,13,0
txn_103711,1260.18,19,4,0,0,0,upi,19,0
txn_103712,8410.31,97,5,0,0,0,credit_card,9,0
txn_103713,2456.44,31,2,0,0,0,credit_card,22,0
txn_103714,1457.95,381,8,0,1,0,credit_card,22,0
txn_103715,1682.45,68,0,0,0,0,credit_card,19,0
txn_103716,1570.64,48,0,0,0,1,net_banking,23,0
txn_103717,783.57,205,0,0,0,0,debit_card,8,0
txn_103718,548.26,5,1,0,0,0,credit_card,1,0
txn_103719,862.13,6,1,0,0,0,net_banking,5,0
txn_103720,703.03,445,2,1,0,0,upi,16,0
txn_103721,666.11,130,2,0,0,1,debit_card,14,0
txn_103722,3848.1,123,0,0,0,0,net_banking,14,0
txn_103723,578.65,74,6,2,1,1,net_banking,19,0
txn_103724,910.2,16,4,0,0,0,credit_card,18,0
txn_103725,3545.29,57,4,0,0,0,debit_card,14,0
txn_103726,4473.31,311,6,0,0,0,credit_card,7,0
txn_103727,98.92,10,4,0,0,0,net_banking,18,0
txn_103728,858.6,153,2,0,0,0,credit_card,17,0
txn_103729,1510.37,14,3,0,0,0,upi,16,0
txn_103730,1650.14,62,1,0,0,0,wallet,14,0
txn_103731,1563.66,109,5,2,0,0,debit_card,14,0
txn_103732,1242.57,231,17,6,1,0,upi,15,1
txn_103733,636.31,362,1,0,0,0,debit_card,14,0
txn_103734,2555.64,180,2,0,0,0,wallet,4,1
txn_103735,414.08,34,3,0,0,0,credit_card,17,0
txn_103736,2446.49,90,1,0,0,0,debit_card,9,0
txn_103737,2985.68,45,2,0,0,0,credit_card,7,0
txn_103738,1024.44,437,1,0,0,0,credit_card,11,0
txn_103739,1214.81,6,2,1,0,0,wallet,18,0
txn_103740,754.76,843,1,0,0,0,debit_card,21,0
txn_103741,5091.46,727,1,0,0,0,credit_card,8,0
txn_103742,1778.13,300,3,0,1,1,upi,9,0
txn_103743,1262.02,5,4,0,0,0,credit_card,15,0
txn_103744,1901.0,4,2,1,0,0,credit_card,19,0
txn_103745,476.97,48,3,0,0,0,upi,14,0
txn_103746,959.77,106,2,0,0,0,credit_card,7,0
txn_103747,749.86,49,10,0,0,0,credit_card,19,0
txn_103748,685.6,64,4,0,0,0,credit_card,21,0
txn_103749,2337.99,11,3,0,0,0,debit_card,7,0
txn_103750,463.19,214,7,0,0,1,credit_card,16,0
txn_103751,1000.92,203,3,0,0,0,net_banking,10,0
txn_103752,962.84,394,2,0,0,0,upi,13,0
txn_103753,1069.77,858,5,0,1,0,net_banking,12,0
txn_103754,593.81,13,1,0,0,0,credit_card,16,0
txn_103755,1656.08,301,1,0,0,0,credit_card,12,0
txn_103756,203.28,7,4,0,0,0,credit_card,11,0
txn_103757,3755.32,147,0,0,0,0,wallet,11,0
txn_103758,1267.14,307,7,0,0,0,credit_card,15,0
txn_103759,1132.13,155,0,0,0,0,wallet,1,0
txn_103760,2032.75,317,1,0,1,0,credit_card,19,0
txn_103761,1723.25,139,3,1,0,0,credit_card,16,0
txn_103762,5951.39,111,5,0,0,0,debit_card,9,0
txn_103763,1624.06,49,9,0,0,1,upi,19,0
txn_103764,504.39,246,1,0,0,0,credit_card,19,0
txn_103765,1072.89,68,0,0,0,0,credit_card,20,0
txn_103766,261.47,92,3,0,0,0,credit_card,18,0
txn_103767,2840.38,821,3,0,0,0,credit_card,8,0
txn_103768,847.1,317,7,2,0,0,wallet,7,0
txn_103769,8037.95,57,2,0,1,0,debit_card,22,0
txn_103770,1123.29,25,3,1,0,0,credit_card,13,0
txn_103771,760.36,203,11,1,0,0,upi,16,0
txn_103772,1738.75,41,6,2,0,0,credit_card,11,0
txn_103773,4080.54,45,0,0,0,0,debit_card,11,0
txn_103774,625.79,2,3,0,1,0,debit_card,14,0
txn_103775,8250.13,11,1,0,0,0,credit_card,17,0
txn_103776,1470.37,63,5,0,1,0,credit_card,22,0
txn_103777,1161.9,10,3,0,0,1,upi,17,0
txn_103778,9592.44,62,1,0,0,0,wallet,11,0
txn_103779,987.16,428,6,0,0,0,credit_card,21,0
txn_103780,2273.55,176,3,0,0,0,debit_card,17,0
txn_103781,4350.83,720,2,0,0,0,debit_card,10,0
txn_103782,981.03,250,10,0,0,0,credit_card,13,0
txn_103783,850.89,16,4,0,0,0,credit_card,8,0
txn_103784,8980.49,15,1,0,0,0,debit_card,18,0
txn_103785,631.78,10,2,0,0,0,credit_card,16,0
txn_103786,2083.55,9,4,0,0,0,upi,21,0
txn_103787,1854.74,616,8,0,0,1,credit_card,8,0
txn_103788,954.34,155,2,0,0,0,credit_card,11,0
txn_103789,471.02,209,0,0,0,1,debit_card,17,0
txn_103790,632.18,52,3,0,0,0,credit_card,21,0
txn_103791,3457.28,96,2,0,0,0,credit_card,19,0
txn_103792,339.67,11,2,0,0,1,debit_card,9,0
txn_103793,2263.19,57,1,0,0,0,debit_card,16,0
txn_103794,1914.86,207,1,0,0,0,debit_card,12,0
txn_103795,10386.06,9,1,0,0,0,net_banking,12,0
txn_103796,1684.55,388,1,0,0,0,debit_card,5,0
txn_103797,2227.76,46,4,0,0,0,credit_card,19,0
txn_103798,4962.92,7,4,0,0,1,upi,16,0
txn_103799,1072.24,276,0,0,1,0,debit_card,15,0
txn_103800,597.86,9,2,1,0,0,credit_card,19,0
txn_103801,3349.06,434,3,0,0,0,credit_card,15,0
txn_103802,5462.33,9,4,1,0,0,credit_card,9,0
txn_103803,4564.0,13,3,1,0,0,credit_card,18,0
txn_103804,897.24,162,0,0,0,0,upi,11,0
txn_103805,373.64,171,3,0,1,0,debit_card,20,0
txn_103806,1953.41,11,1,0,0,0,upi,9,0
txn_103807,482.62,151,0,0,0,0,credit_card,10,0
txn_103808,1787.85,871,0,0,0,1,upi,21,0
txn_103809,2929.38,466,23,9,1,0,upi,17,1
txn_103810,2851.52,83,1,0,0,0,credit_card,21,0
txn_103811,1941.71,6,1,0,0,0,upi,7,0
txn_103812,2522.12,190,1,0,0,0,upi,11,0
txn_103813,479.71,393,5,0,0,0,credit_card,23,0
txn_103814,8614.31,78,4,0,0,0,credit_card,22,0
txn_103815,1831.89,87,4,1,0,0,credit_card,12,0
txn_103816,1227.27,42,0,0,0,0,net_banking,14,0
txn_103817,2507.83,48,1,0,0,0,net_banking,16,0
txn_103818,265.1,1,1,0,0,0,upi,7,0
txn_103819,621.18,178,7,0,0,0,debit_card,14,0
txn_103820,2157.89,183,0,0,0,0,debit_card,14,0
txn_103821,4570.01,49,2,0,0,0,net_banking,12,0
txn_103822,1050.71,97,0,0,0,0,net_banking,12,0
txn_103823,870.81,253,5,0,0,0,upi,18,0
txn_103824,902.65,711,1,0,0,0,credit_card,15,0
txn_103825,368.84,163,5,0,0,0,credit_card,16,1
txn_103826,3303.42,387,2,0,0,0,upi,16,0
txn_103827,5281.07,23,2,0,0,0,upi,19,0
txn_103828,4807.71,241,0,0,0,0,credit_card,10,0
txn_103829,2133.12,0,4,0,0,0,upi,20,0
txn_103830,1275.64,175,4,0,0,0,upi,16,0
txn_103831,576.38,82,4,0,0,0,upi,7,0
txn_103832,1692.49,5,2,0,0,0,credit_card,0,0
txn_103833,1329.22,1,4,0,0,0,upi,11,0
txn_103834,1616.81,8,1,0,0,0,credit_card,18,0
txn_103835,1085.94,10,3,1,0,0,credit_card,15,0
txn_103836,1657.66,76,0,0,0,0,upi,20,0
txn_103837,702.89,52,7,1,0,1,credit_card,9,0
txn_103838,1652.65,0,4,0,0,0,upi,16,0
txn_103839,1824.94,796,4,0,0,0,credit_card,19,0
txn_103840,2927.53,56,5,0,0,0,debit_card,18,0
txn_103841,3717.38,352,7,0,0,0,net_banking,16,0
txn_103842,2090.97,8,1,1,0,0,credit_card,9,0
txn_103843,1094.86,68,12,0,0,0,credit_card,12,0
txn_103844,260.53,56,4,0,1,0,upi,20,0
txn_103845,1431.08,36,4,1,1,0,upi,16,0
txn_103846,589.91,57,1,0,1,0,upi,8,0
txn_103847,276.3,180,2,0,0,0,credit_card,21,0
txn_103848,513.58,8,3,1,0,0,upi,15,0
txn_103849,747.02,111,0,0,0,0,wallet,17,0
txn_103850,13839.74,18,0,0,0,0,upi,15,0
txn_103851,604.92,288,1,1,0,0,upi,18,0
txn_103852,2255.49,11,2,0,0,0,debit_card,9,0
txn_103853,989.87,14,4,0,0,0,credit_card,8,0
txn_103854,1171.59,0,2,0,0,0,upi,13,0
txn_103855,2984.93,89,7,0,0,0,credit_card,17,0
txn_103856,3830.67,4,3,0,0,1,upi,11,0
txn_103857,2185.6,68,2,0,0,0,upi,11,0
txn_103858,2208.68,875,1,0,0,0,upi,12,0
txn_103859,2142.5,80,1,0,0,0,credit_card,20,0
txn_103860,847.82,302,0,0,0,0,credit_card,11,0
txn_103861,3037.94,77,2,0,0,0,debit_card,23,0
txn_103862,649.15,255,0,0,0,0,upi,18,0
txn_103863,560.13,72,0,0,0,0,debit_card,9,0
txn_103864,347.88,179,0,0,0,0,credit_card,11,0
txn_103865,1584.42,211,2,0,0,0,debit_card,21,0
txn_103866,2490.81,96,6,0,0,0,credit_card,16,0
txn_103867,1561.42,98,3,1,0,0,debit_card,21,0
txn_103868,1616.99,71,8,1,0,0,debit_card,10,0
txn_103869,4132.23,207,6,0,0,0,credit_card,16,0
txn_103870,1890.26,0,3,0,0,0,upi,20,0
txn_103871,6411.41,30,1,0,0,0,credit_card,15,0
txn_103872,752.34,597,1,0,0,0,credit_card,21,0
txn_103873,4455.81,315,3,1,0,0,wallet,19,0
txn_103874,507.66,46,1,0,0,0,credit_card,9,0
txn_103875,6260.79,1,4,0,1,0,net_banking,7,1
txn_103876,2773.91,24,1,0,0,1,credit_card,19,0
txn_103877,400.0,0,4,0,0,0,upi,23,0
txn_103878,3662.08,4,1,0,0,0,debit_card,20,0
txn_103879,302.62,2,1,0,0,0,debit_card,9,0
txn_103880,2151.88,9,1,0,0,0,credit_card,13,0
txn_103881,617.76,245,7,0,0,0,upi,12,0
txn_103882,484.69,73,2,0,0,0,upi,10,0
txn_103883,2863.21,263,7,0,0,0,debit_card,20,0
txn_103884,4565.04,6,1,0,0,1,upi,23,0
txn_103885,362.73,2,1,0,0,0,credit_card,11,0
txn_103886,849.25,4,4,0,0,0,upi,17,0
txn_103887,1180.4,1,4,0,0,0,credit_card,8,0
txn_103888,300.87,548,1,0,0,0,upi,14,0
txn_103889,1004.92,8,2,0,0,0,wallet,17,0
txn_103890,1947.0,84,5,0,0,0,credit_card,12,0
txn_103891,1707.0,9,3,0,0,0,debit_card,11,0
txn_103892,5240.03,150,4,0,0,0,credit_card,7,0
txn_103893,1565.35,16,8,0,1,0,upi,10,0
txn_103894,1158.58,4,2,0,0,0,credit_card,1,0
txn_103895,792.15,600,1,0,0,0,credit_card,7,0
txn_103896,2299.5,9,2,0,1,0,debit_card,19,0
txn_103897,36435.88,45,1,0,0,0,wallet,13,0
txn_103898,6409.69,11,3,0,1,1,credit_card,5,1
txn_103899,1174.45,20,2,0,0,0,upi,14,0
txn_103900,1087.99,6,4,0,1,1,wallet,17,0
txn_103901,242.95,129,2,0,0,0,upi,13,0
txn_103902,1334.92,0,1,0,0,0,credit_card,18,0
txn_103903,2061.39,9,1,0,0,0,upi,18,0
txn_103904,1092.37,460,2,1,0,0,credit_card,8,0
txn_103905,4338.22,114,5,0,0,0,net_banking,21,0
txn_103906,1185.87,102,0,0,0,1,upi,19,0
txn_103907,1041.89,318,14,5,0,0,credit_card,15,0
txn_103908,2696.51,5,1,0,0,0,wallet,0,0
txn_103909,1755.12,636,0,0,0,0,credit_card,14,0
txn_103910,211.47,138,0,0,1,1,credit_card,10,0
txn_103911,372.99,3,4,0,0,0,credit_card,20,0
txn_103912,1336.86,160,0,0,0,0,upi,11,0
txn_103913,1069.55,112,0,0,0,0,upi,14,0
txn_103914,7577.13,179,1,0,0,0,wallet,12,0
txn_103915,1345.43,84,1,0,0,0,credit_card,19,0
txn_103916,659.32,3,2,0,0,0,upi,9,0
txn_103917,2751.43,7,3,0,0,0,debit_card,12,0
txn_103918,2086.08,726,1,0,0,0,credit_card,8,0
txn_103919,634.44,86,6,0,0,0,debit_card,9,0
txn_103920,2486.78,179,1,0,0,0,credit_card,0,0
txn_103921,1230.09,11,1,0,0,1,net_banking,20,0
txn_103922,2144.89,11,4,0,0,0,credit_card,7,0
txn_103923,1149.84,245,5,0,0,0,credit_card,13,0
txn_103924,2113.44,266,6,1,0,0,credit_card,5,0
txn_103925,355.41,59,1,0,0,0,credit_card,17,0
txn_103926,1429.94,338,0,0,0,0,debit_card,18,0
txn_103927,285.8,4,4,0,0,0,net_banking,14,0
txn_103928,2169.58,13,2,0,0,0,upi,20,0
txn_103929,1391.37,11,4,0,0,0,upi,19,0
txn_103930,710.82,94,1,0,0,0,debit_card,16,0
txn_103931,696.85,4,2,0,0,0,credit_card,18,0
txn_103932,1694.89,0,1,0,0,0,credit_card,18,0
txn_103933,1805.93,119,10,4,0,0,credit_card,12,0
txn_103934,7812.25,339,5,0,0,0,upi,13,0
txn_103935,2049.22,135,6,0,0,0,upi,9,0
txn_103936,1215.76,37,1,0,0,0,credit_card,16,0
txn_103937,1599.54,89,3,0,0,1,credit_card,17,0
txn_103938,1408.33,229,9,0,0,0,upi,10,0
txn_103939,2982.16,134,0,0,0,0,debit_card,18,1
txn_103940,1677.25,42,4,1,0,0,debit_card,12,0
txn_103941,215.56,119,2,0,1,0,upi,8,0
txn_103942,10946.9,11,4,0,0,0,debit_card,19,0
txn_103943,520.72,14,3,0,0,0,credit_card,15,0
txn_103944,5082.66,291,2,0,0,0,credit_card,10,0
txn_103945,1044.79,13,1,0,0,0,wallet,8,0
txn_103946,3681.69,221,8,1,0,0,upi,18,0
txn_103947,535.2,128,1,0,0,0,net_banking,15,0
txn_103948,606.36,12,2,0,1,0,credit_card,17,0
txn_103949,3448.07,25,2,0,1,0,upi,12,0
txn_103950,1385.39,43,1,0,0,0,debit_card,20,0
txn_103951,454.43,50,7,0,0,0,credit_card,16,0
txn_103952,4996.85,0,2,0,0,0,credit_card,20,0
txn_103953,1903.44,10,4,0,0,0,credit_card,19,0
txn_103954,1599.7,131,1,0,0,0,credit_card,13,1
txn_103955,1107.69,619,7,2,0,0,upi,12,0
txn_103956,490.51,48,2,0,0,0,upi,14,0
txn_103957,525.39,3,4,1,0,0,credit_card,16,0
txn_103958,362.81,98,0,0,0,0,upi,12,0
txn_103959,1089.01,124,1,0,0,1,upi,21,0
txn_103960,790.79,5,3,0,0,0,credit_card,12,0
txn_103961,2695.34,83,0,0,0,0,debit_card,16,0
txn_103962,567.23,12,3,0,0,0,upi,20,0
txn_103963,981.37,1,4,0,0,0,upi,16,0
txn_103964,1312.6,59,2,0,0,0,upi,17,0
txn_103965,1796.86,432,7,0,0,0,credit_card,18,0
txn_103966,3059.93,121,5,2,0,0,upi,20,0
txn_103967,1005.57,6,4,0,1,0,net_banking,17,0
txn_103968,6748.08,433,2,0,1,0,net_banking,6,0
txn_103969,209.99,268,0,0,0,0,upi,9,0
txn_103970,2102.17,1,4,0,0,1,net_banking,21,0
txn_103971,7037.68,139,2,0,0,0,upi,15,0
txn_103972,1287.87,232,8,0,0,0,debit_card,17,0
txn_103973,2878.86,175,1,0,0,1,net_banking,22,0
txn_103974,437.76,56,2,0,0,0,upi,16,0
txn_103975,3691.68,0,2,0,0,0,credit_card,18,0
txn_103976,702.42,109,7,0,0,1,upi,17,0
txn_103977,495.65,28,14,5,0,0,debit_card,12,0
txn_103978,1220.98,114,4,0,0,0,net_banking,21,0
txn_103979,2490.15,84,1,0,0,0,credit_card,21,0
txn_103980,1402.14,24,10,1,0,0,credit_card,22,0
txn_103981,7053.38,11,2,0,0,0,credit_card,20,0
txn_103982,1144.84,167,0,0,1,0,net_banking,16,0
txn_103983,925.44,248,11,1,1,0,credit_card,20,0
txn_103984,1023.07,11,4,0,0,0,debit_card,11,0
txn_103985,2779.6,26,3,0,0,0,upi,13,0
txn_103986,4042.62,134,4,1,0,0,upi,20,0
txn_103987,1120.13,265,14,0,0,0,credit_card,17,0
txn_103988,2578.46,137,4,0,1,0,debit_card,20,0
txn_103989,497.61,80,7,1,0,0,debit_card,15,0
txn_103990,761.34,290,5,0,0,0,upi,19,0
txn_103991,396.79,134,4,0,0,0,debit_card,21,0
txn_103992,655.45,10,4,0,0,0,upi,20,0
txn_103993,1143.43,9,1,0,0,0,credit_card,11,0
txn_103994,181.99,80,5,0,0,0,wallet,17,0
txn_103995,1840.71,12,4,0,0,0,debit_card,0,0
txn_103996,600.26,10,4,0,0,0,debit_card,19,0
txn_103997,8765.94,208,1,0,0,0,credit_card,14,0
txn_103998,3489.87,159,6,0,0,0,debit_card,18,0
txn_103999,539.79,6,2,1,0,0,upi,17,0
txn_104000,2348.27,136,0,0,0,1,net_banking,11,0
txn_104001,6439.79,212,0,0,0,0,upi,13,0
txn_104002,4093.03,1,4,0,0,0,net_banking,22,0
txn_104003,1262.71,9,1,1,0,0,net_banking,15,0
txn_104004,1309.32,61,2,0,1,0,credit_card,11,0
txn_104005,820.39,52,1,0,0,0,credit_card,10,0
txn_104006,533.82,3,2,0,0,0,credit_card,18,0
txn_104007,1723.48,2,3,0,0,0,upi,19,0
txn_104008,1380.06,174,4,1,0,0,upi,20,0
txn_104009,535.36,5,1,0,0,0,upi,14,0
txn_104010,5324.12,559,1,0,0,0,upi,14,0
txn_104011,577.34,11,4,1,0,0,credit_card,21,1
txn_104012,6958.11,41,7,0,0,0,upi,18,0
txn_104013,1422.64,65,1,0,0,0,debit_card,1,0
txn_104014,452.44,386,0,0,1,0,upi,16,0
txn_104015,470.44,150,4,0,0,0,debit_card,10,0
txn_104016,378.58,11,2,0,0,0,credit_card,14,0
txn_104017,863.94,0,4,0,0,0,credit_card,17,0
txn_104018,356.99,236,6,0,0,1,credit_card,20,0
txn_104019,449.03,140,0,0,1,0,upi,11,0
txn_104020,485.34,5,4,0,0,0,upi,10,0
txn_104021,972.67,28,7,1,0,0,credit_card,13,0
txn_104022,668.57,93,3,0,0,1,net_banking,15,0
txn_104023,1133.05,844,0,0,0,0,credit_card,21,0
txn_104024,407.55,150,0,0,1,0,upi,19,0
txn_104025,1109.76,10,1,0,0,0,upi,10,0
txn_104026,3566.1,193,0,0,0,0,wallet,16,0
txn_104027,2275.3,200,2,0,0,0,wallet,16,0
txn_104028,829.99,70,7,0,0,0,upi,18,0
txn_104029,4984.02,103,0,0,0,0,credit_card,7,0
txn_104030,1902.82,52,0,0,1,0,credit_card,14,0
txn_104031,493.89,63,16,0,0,0,credit_card,15,0
txn_104032,554.51,4,2,0,0,0,debit_card,13,0
txn_104033,1624.23,111,12,2,1,0,debit_card,17,0
txn_104034,438.23,58,1,0,0,0,upi,23,0
txn_104035,252.75,123,13,0,0,0,upi,18,0
txn_104036,1566.99,151,1,0,0,0,credit_card,13,0
txn_104037,4044.62,90,0,0,0,0,debit_card,11,0
txn_104038,8366.08,63,0,0,0,0,debit_card,16,0
txn_104039,1894.59,23,10,0,0,0,debit_card,10,0
txn_104040,1631.24,352,4,0,0,0,credit_card,10,0
txn_104041,2178.87,208,4,0,1,0,credit_card,9,0
txn_104042,1296.89,15,0,0,0,0,debit_card,10,0
txn_104043,3503.04,12,1,0,1,0,net_banking,16,0
txn_104044,2293.53,157,11,0,0,0,upi,17,0
txn_104045,889.42,150,8,0,0,0,credit_card,14,0
txn_104046,2217.41,175,1,0,0,0,credit_card,16,0
txn_104047,1062.01,1,4,0,0,1,debit_card,18,0
txn_104048,1947.17,13,1,0,0,0,upi,12,0
txn_104049,1093.49,5,4,1,0,0,credit_card,20,0
txn_104050,1376.83,421,3,0,0,0,credit_card,0,0
txn_104051,1892.8,200,1,0,1,0,upi,12,0
txn_104052,3279.69,7,1,0,0,0,upi,15,0
txn_104053,1381.33,8,3,0,0,0,credit_card,20,0
txn_104054,453.77,124,11,0,1,1,credit_card,17,1
txn_104055,1601.44,38,0,0,0,0,credit_card,10,0
txn_104056,723.2,240,2,0,0,0,credit_card,21,0
txn_104057,364.09,9,3,0,0,0,upi,21,0
txn_104058,2819.04,12,2,0,0,0,credit_card,10,0
txn_104059,777.54,174,4,0,0,0,debit_card,14,0
txn_104060,1835.93,31,9,0,0,0,net_banking,18,0
txn_104061,584.14,242,1,0,1,0,upi,16,0
txn_104062,2077.98,4,3,0,0,0,credit_card,12,0
txn_104063,674.43,134,2,0,0,0,upi,19,0
txn_104064,1081.18,87,2,0,0,1,credit_card,0,0
txn_104065,5530.37,65,6,2,0,0,credit_card,18,0
txn_104066,2531.0,76,6,0,0,0,upi,20,0
txn_104067,416.77,39,0,0,0,0,upi,10,0
txn_104068,1978.56,3,4,0,1,0,wallet,18,0
txn_104069,393.13,253,2,0,1,0,upi,8,0
txn_104070,680.32,46,1,0,0,0,credit_card,10,0
txn_104071,1116.48,33,0,0,0,0,credit_card,11,0
txn_104072,466.09,88,7,0,0,0,debit_card,5,0
txn_104073,3291.81,1,1,0,0,0,net_banking,18,0
txn_104074,886.21,298,0,0,0,0,debit_card,10,0
txn_104075,410.87,90,0,0,0,0,credit_card,12,0
txn_104076,1174.67,162,0,0,0,0,net_banking,12,0
txn_104077,1837.22,172,3,0,0,0,debit_card,15,0
txn_104078,1822.21,167,12,1,0,0,debit_card,16,0
txn_104079,619.53,72,4,0,1,0,credit_card,12,0
txn_104080,1091.85,147,10,0,0,0,debit_card,9,0
txn_104081,5618.02,107,6,0,0,0,credit_card,8,0
txn_104082,2089.0,11,1,0,0,0,upi,21,0
txn_104083,856.08,76,4,0,0,0,debit_card,16,0
txn_104084,1604.27,157,1,0,0,0,credit_card,11,0
txn_104085,798.23,9,1,0,0,0,debit_card,13,0
txn_104086,509.42,269,4,1,0,0,credit_card,19,0
txn_104087,1061.37,0,3,0,0,0,debit_card,11,0
txn_104088,638.6,107,0,0,0,0,credit_card,9,0
txn_104089,2101.89,231,1,0,0,0,credit_card,4,0
txn_104090,776.17,236,1,0,0,0,debit_card,17,0
txn_104091,1347.28,12,1,0,1,0,upi,18,0
txn_104092,3399.3,402,3,1,1,0,debit_card,18,0
txn_104093,2871.02,94,0,0,0,0,credit_card,7,0
txn_104094,1334.95,56,3,0,0,0,debit_card,12,0
txn_104095,2041.26,54,1,1,0,0,wallet,16,0
txn_104096,3154.74,274,10,0,0,0,credit_card,15,0
txn_104097,1808.31,42,1,1,0,0,wallet,17,0
txn_104098,730.02,166,1,0,0,0,debit_card,10,0
txn_104099,471.1,235,1,0,0,0,credit_card,12,0
txn_104100,9642.34,209,3,0,0,0,debit_card,22,0
txn_104101,794.27,1188,4,1,0,0,wallet,11,0
txn_104102,1994.12,537,1,0,0,0,credit_card,21,0
txn_104103,527.72,6,1,0,0,0,net_banking,17,0
txn_104104,3411.71,193,1,0,0,0,net_banking,14,0
txn_104105,1074.13,80,0,0,0,0,credit_card,20,0
txn_104106,306.86,3,2,0,1,0,debit_card,20,0
txn_104107,2887.92,28,0,0,0,0,upi,12,0
txn_104108,3657.59,256,3,0,0,1,debit_card,20,0
txn_104109,825.99,125,1,0,0,0,credit_card,21,0
txn_104110,1112.49,52,9,1,0,0,credit_card,7,0
txn_104111,2811.37,75,7,2,0,1,credit_card,14,1
txn_104112,561.57,41,6,0,0,0,upi,17,0
txn_104113,145.28,733,1,0,0,0,upi,12,0
txn_104114,2294.1,3,4,0,0,0,debit_card,23,0
txn_104115,560.09,152,4,1,0,0,upi,18,0
txn_104116,5495.65,80,1,0,1,0,upi,13,0
txn_104117,1518.84,669,3,1,0,0,credit_card,19,0
txn_104118,3071.16,0,2,0,1,0,credit_card,18,1
txn_104119,2212.39,232,1,1,0,1,debit_card,21,0
txn_104120,149.94,379,0,0,1,0,credit_card,16,0
txn_104121,5001.15,11,3,0,0,0,debit_card,22,0
txn_104122,1817.5,72,1,0,1,0,credit_card,18,0
txn_104123,1137.42,7,4,1,0,0,credit_card,21,0
txn_104124,432.26,5,3,0,0,0,credit_card,19,0
txn_104125,2272.32,139,0,0,0,0,upi,8,0
txn_104126,1693.71,9,3,1,1,0,credit_card,9,0
txn_104127,2220.47,6,3,1,0,0,debit_card,1,0
txn_104128,7763.55,153,1,0,0,0,credit_card,9,0
txn_104129,1511.12,50,3,0,0,0,credit_card,8,0
txn_104130,544.13,151,2,0,1,0,upi,18,0
txn_104131,1485.78,841,2,0,0,0,upi,10,0
txn_104132,896.63,335,1,0,0,0,debit_card,9,0
txn_104133,1705.27,79,5,0,0,1,credit_card,16,0
txn_104134,1901.54,10,4,0,0,0,upi,17,0
txn_104135,1807.91,20,3,0,0,0,debit_card,16,0
txn_104136,804.55,4,3,0,0,0,upi,10,0
txn_104137,214.64,109,3,1,0,0,upi,11,0
txn_104138,366.07,45,4,0,0,0,credit_card,14,0
txn_104139,1491.87,96,1,0,0,0,upi,12,0
txn_104140,909.35,97,6,0,0,0,net_banking,11,0
txn_104141,1213.69,103,5,0,0,0,net_banking,2,0
txn_104142,3098.49,227,0,0,0,0,upi,19,0
txn_104143,2246.87,51,1,0,1,0,upi,20,0
txn_104144,2340.3,183,3,0,0,0,upi,17,0
txn_104145,2487.7,0,2,0,0,0,debit_card,10,0
txn_104146,473.3,11,2,0,0,1,debit_card,19,0
txn_104147,923.11,337,0,0,0,0,debit_card,17,0
txn_104148,1634.73,184,9,3,1,0,credit_card,20,0
txn_104149,1381.95,449,2,0,0,0,debit_card,21,0
txn_104150,1285.21,53,9,0,0,0,upi,18,0
txn_104151,1799.14,225,1,0,0,0,upi,17,0
txn_104152,2801.88,68,1,0,0,0,credit_card,14,0
txn_104153,5498.13,152,8,3,0,0,credit_card,15,0
txn_104154,495.71,19,10,0,1,0,upi,8,0
txn_104155,535.71,3,3,0,0,0,upi,21,0
txn_104156,518.13,77,2,0,0,0,upi,10,0
txn_104157,451.93,61,5,0,0,0,credit_card,18,0
txn_104158,992.28,526,2,0,1,0,debit_card,0,0
txn_104159,14254.72,244,4,0,0,0,credit_card,13,0
txn_104160,2232.71,98,5,0,0,0,credit_card,23,0
txn_104161,350.75,8,3,1,0,0,credit_card,8,0
txn_104162,1789.6,278,9,3,0,0,credit_card,20,0
txn_104163,1136.03,1,2,0,0,0,debit_card,9,0
txn_104164,1830.9,104,4,0,0,0,upi,19,0
txn_104165,1280.85,414,2,0,0,0,debit_card,10,0
txn_104166,858.73,12,4,1,0,0,upi,20,0
txn_104167,270.65,195,3,1,0,0,credit_card,8,0
txn_104168,1205.89,2,4,0,0,0,debit_card,12,0
txn_104169,5111.15,10,2,0,0,0,credit_card,11,0
txn_104170,1255.58,162,1,0,0,0,credit_card,22,0
txn_104171,878.62,8,2,0,0,0,credit_card,13,0
txn_104172,958.28,214,1,0,0,0,upi,19,0
txn_104173,187.59,107,1,0,0,0,credit_card,8,0
txn_104174,566.98,218,3,0,0,1,upi,18,0
txn_104175,3197.55,294,7,0,1,1,upi,12,0
txn_104176,585.06,21,0,0,0,1,credit_card,23,0
txn_104177,3371.35,45,1,0,0,0,credit_card,12,0
txn_104178,3156.83,0,1,0,1,1,credit_card,18,0
txn_104179,3217.95,11,4,1,0,0,upi,11,0
txn_104180,2069.65,8,2,0,0,0,upi,11,0
txn_104181,943.19,148,5,0,0,0,credit_card,11,0
txn_104182,2873.81,1,1,0,0,0,upi,11,0
txn_104183,1726.05,248,10,0,0,0,credit_card,13,0
txn_104184,1500.57,108,3,0,0,0,net_banking,22,0
txn_104185,5796.9,222,0,0,0,0,debit_card,17,0
txn_104186,184.75,32,1,0,0,0,credit_card,13,0
txn_104187,3655.22,345,0,0,0,1,upi,20,0
txn_104188,1092.81,29,1,0,0,0,debit_card,11,0
txn_104189,192.66,1034,6,0,0,0,upi,12,0
txn_104190,2942.7,117,5,0,0,0,net_banking,11,0
txn_104191,635.96,112,0,0,0,0,credit_card,12,0
txn_104192,1502.62,140,0,0,0,0,credit_card,8,0
txn_104193,2117.45,128,0,0,0,0,upi,22,0
txn_104194,2702.98,346,6,0,0,0,credit_card,19,0
txn_104195,340.93,967,0,0,0,0,credit_card,18,0
txn_104196,6165.34,4,3,0,1,1,debit_card,10,1
txn_104197,1262.69,141,4,1,0,0,debit_card,7,0
txn_104198,5273.58,36,7,0,0,0,upi,19,0
txn_104199,813.08,137,1,0,0,0,credit_card,19,0
txn_104200,3186.35,59,1,0,0,1,credit_card,8,0
txn_104201,708.19,142,0,0,0,0,credit_card,16,0
txn_104202,264.27,781,0,0,0,1,debit_card,19,1
txn_104203,2657.77,7,4,0,0,1,credit_card,14,0
txn_104204,427.45,112,3,1,0,0,credit_card,14,0
txn_104205,3413.34,0,4,0,0,0,credit_card,17,0
txn_104206,915.74,14,4,0,0,0,credit_card,20,0
txn_104207,2165.61,128,3,0,0,0,credit_card,21,0
txn_104208,691.0,35,1,0,0,0,upi,10,0
txn_104209,2321.11,246,1,0,0,0,upi,20,0
txn_104210,459.64,5,1,0,0,0,debit_card,19,0
txn_104211,426.16,24,0,0,0,0,credit_card,17,0
txn_104212,5624.79,64,3,0,0,0,upi,22,0
txn_104213,4075.36,5,3,1,0,0,credit_card,18,0
txn_104214,541.53,11,2,0,0,0,credit_card,18,0
txn_104215,1663.98,153,4,1,0,0,wallet,17,0
txn_104216,1658.52,81,2,0,0,1,net_banking,22,0
txn_104217,7242.04,13,1,0,0,1,credit_card,18,0
txn_104218,1525.53,7,1,0,0,0,debit_card,12,0
txn_104219,4699.12,178,2,0,0,0,credit_card,16,0
txn_104220,1624.33,345,0,0,1,1,debit_card,15,0
txn_104221,312.72,312,1,0,0,0,debit_card,22,0
txn_104222,1722.6,109,2,0,0,0,credit_card,20,0
txn_104223,10469.53,591,8,1,0,0,upi,7,0
txn_104224,3185.47,152,6,0,0,0,upi,16,0
txn_104225,986.53,142,15,2,1,0,upi,10,0
txn_104226,888.94,7,3,0,0,0,credit_card,21,0
txn_104227,1761.49,31,14,0,1,0,credit_card,7,0
txn_104228,1333.69,118,5,0,0,1,credit_card,15,1
txn_104229,5671.04,12,1,0,0,0,credit_card,8,0
txn_104230,3547.42,12,1,0,0,0,credit_card,9,0
txn_104231,665.02,70,2,0,1,0,upi,21,0
txn_104232,7401.99,33,5,0,0,0,upi,12,0
txn_104233,1631.62,193,2,0,0,0,upi,20,0
txn_104234,961.4,8,4,0,0,0,net_banking,9,0
txn_104235,423.58,171,7,0,0,0,upi,17,0
txn_104236,944.31,229,9,0,0,0,debit_card,14,0
txn_104237,1301.79,447,4,1,1,0,credit_card,19,0
txn_104238,638.74,11,2,0,0,0,credit_card,17,0
txn_104239,3245.2,139,2,0,0,0,upi,0,0
txn_104240,806.97,30,0,0,1,0,upi,15,0
txn_104241,2035.11,47,0,0,0,0,upi,9,0
txn_104242,4206.31,285,3,0,0,0,upi,5,0
txn_104243,2849.36,27,5,0,0,0,credit_card,11,0
txn_104244,2782.75,29,7,0,0,0,upi,14,0
txn_104245,680.44,280,1,0,0,0,upi,22,0
txn_104246,1154.89,66,4,1,0,0,credit_card,16,0
txn_104247,2981.17,25,7,0,0,0,credit_card,20,0
txn_104248,2919.05,127,3,1,0,1,debit_card,16,0
txn_104249,1706.6,44,0,0,1,0,credit_card,20,0
txn_104250,4951.98,78,4,0,0,0,credit_card,8,0
txn_104251,3695.1,368,3,0,0,0,credit_card,17,0
txn_104252,1056.01,3,4,1,0,1,debit_card,11,0
txn_104253,595.64,12,1,0,0,0,debit_card,19,0
txn_104254,2445.83,349,2,0,0,0,credit_card,12,0
txn_104255,853.94,157,0,0,0,0,net_banking,16,0
txn_104256,1983.1,5,3,0,0,0,credit_card,18,0
txn_104257,1246.59,33,1,0,0,0,wallet,20,0
txn_104258,674.23,623,0,0,0,1,upi,17,0
txn_104259,1065.65,32,3,1,0,0,upi,9,0
txn_104260,1520.35,13,1,0,0,0,upi,22,0
txn_104261,7037.06,12,1,0,0,0,credit_card,10,0
txn_104262,935.94,48,3,0,0,0,debit_card,15,0
txn_104263,10582.61,2,2,0,0,0,credit_card,18,0
txn_104264,673.98,5,4,1,0,0,upi,3,0
txn_104265,698.38,450,2,0,0,0,credit_card,15,0
txn_104266,2286.16,157,0,0,0,0,credit_card,14,0
txn_104267,8060.87,229,0,0,0,0,credit_card,9,0
txn_104268,697.65,123,0,0,0,0,wallet,21,0
txn_104269,1221.67,155,1,0,1,0,credit_card,11,1
txn_104270,2402.8,79,1,0,0,0,credit_card,19,0
txn_104271,846.51,73,3,0,0,0,upi,14,0
txn_104272,1446.39,41,1,1,0,0,upi,0,0
txn_104273,542.86,52,2,0,0,0,debit_card,11,0
txn_104274,8267.28,116,4,0,0,0,credit_card,22,0
txn_104275,1235.39,18,0,0,0,0,credit_card,6,0
txn_104276,2488.93,192,0,0,0,0,debit_card,10,0
txn_104277,1554.26,286,0,0,1,0,credit_card,14,0
txn_104278,4528.26,349,6,0,0,0,upi,18,0
txn_104279,2398.94,6,2,1,1,0,debit_card,5,0
txn_104280,527.27,34,9,1,0,1,debit_card,23,0
txn_104281,608.31,169,4,0,0,1,wallet,16,0
txn_104282,915.67,76,6,0,0,1,debit_card,19,0
txn_104283,2942.11,129,6,0,0,0,debit_card,11,0
txn_104284,367.76,61,4,0,0,0,credit_card,12,0
txn_104285,5585.42,51,6,0,0,0,upi,7,0
txn_104286,219.73,12,1,0,0,0,net_banking,17,0
txn_104287,2055.33,50,1,0,0,0,credit_card,21,0
txn_104288,1434.65,212,0,0,0,0,net_banking,9,0
txn_104289,1774.8,271,1,0,0,0,credit_card,17,0
txn_104290,2023.58,62,3,0,0,0,credit_card,23,0
txn_104291,840.73,165,1,0,0,0,wallet,16,0
txn_104292,2174.5,8,1,0,0,0,net_banking,7,0
txn_104293,3497.2,4,1,0,0,0,credit_card,22,0
txn_104294,640.49,75,3,1,1,0,debit_card,15,0
txn_104295,400.13,52,12,0,0,1,net_banking,18,0
txn_104296,1689.25,15,0,0,0,0,debit_card,7,0
txn_104297,1159.29,1,1,0,0,0,upi,4,0
txn_104298,856.99,7,3,1,0,1,credit_card,19,0
txn_104299,664.34,87,2,0,0,0,upi,0,0
txn_104300,3512.44,258,0,0,1,0,upi,10,0
txn_104301,2044.11,38,13,0,0,0,credit_card,18,0
txn_104302,1141.76,47,8,0,0,0,credit_card,9,0
txn_104303,2746.13,231,2,0,1,0,credit_card,12,0
txn_104304,4192.08,166,3,0,0,0,wallet,7,0
txn_104305,158.06,20,2,0,0,0,debit_card,11,0
txn_104306,5361.14,320,2,0,0,0,credit_card,11,0
txn_104307,2957.47,13,4,0,0,0,credit_card,23,0
txn_104308,1181.32,300,1,0,0,0,credit_card,8,0
txn_104309,2699.84,1,2,0,0,0,credit_card,13,0
txn_104310,564.29,586,1,0,0,0,debit_card,10,0
txn_104311,832.98,41,0,0,0,0,upi,9,0
txn_104312,1651.23,40,0,0,0,0,credit_card,19,0
txn_104313,342.57,253,3,1,0,0,credit_card,13,0
txn_104314,91.56,13,4,0,1,0,debit_card,21,0
txn_104315,660.42,163,4,0,0,0,upi,13,0
txn_104316,795.8,243,0,0,0,0,upi,6,1
txn_104317,950.46,381,6,2,0,0,credit_card,10,0
txn_104318,2035.74,14,1,0,1,0,credit_card,17,0
txn_104319,1142.46,130,3,1,0,0,upi,8,0
txn_104320,832.72,3,4,1,0,0,credit_card,12,0
txn_104321,4982.92,534,2,0,0,0,credit_card,19,0
txn_104322,2005.91,30,3,0,1,0,wallet,16,0
txn_104323,2081.68,343,2,0,0,1,wallet,17,0
txn_104324,4946.95,139,27,1,1,0,credit_card,17,0
txn_104325,639.37,13,1,0,0,0,debit_card,13,0
txn_104326,3049.0,8,4,1,0,0,upi,11,0
txn_104327,423.47,9,2,0,0,0,net_banking,15,0
txn_104328,1113.52,247,6,0,0,0,wallet,16,0
txn_104329,299.16,273,1,0,0,0,upi,20,0
txn_104330,2158.63,0,4,0,0,0,credit_card,17,0
txn_104331,738.67,168,6,0,0,0,credit_card,16,0
txn_104332,556.43,650,0,0,0,0,upi,8,0
txn_104333,171.39,132,0,0,0,0,debit_card,19,0
txn_104334,981.13,12,2,0,0,0,debit_card,19,1
txn_104335,2547.29,128,0,0,0,0,debit_card,11,0
txn_104336,1493.87,68,5,0,0,0,upi,8,0
txn_104337,1465.4,561,10,1,0,0,net_banking,18,0
txn_104338,578.32,8,3,1,1,0,credit_card,17,0
txn_104339,439.47,8,4,0,0,0,credit_card,9,0
txn_104340,3708.32,81,8,0,0,1,upi,11,0
txn_104341,546.03,204,5,0,0,0,upi,8,0
txn_104342,2385.11,14,3,0,1,0,wallet,20,0
txn_104343,1510.13,147,10,0,0,0,credit_card,7,0
txn_104344,791.23,289,9,3,0,0,credit_card,9,0
txn_104345,1289.54,26,4,0,0,0,upi,12,0
txn_104346,696.72,1,2,0,0,0,wallet,14,0
txn_104347,368.38,60,1,0,1,0,credit_card,10,0
txn_104348,2912.16,69,0,0,0,0,wallet,9,0
txn_104349,3784.71,254,8,0,0,1,credit_card,21,0
txn_104350,1400.51,93,1,0,0,0,upi,16,0
txn_104351,5312.06,298,3,1,0,0,debit_card,8,0
txn_104352,1429.81,523,1,1,0,0,wallet,8,0
txn_104353,638.13,33,2,0,0,0,credit_card,20,0
txn_104354,301.6,361,8,0,0,0,debit_card,18,0
txn_104355,748.95,14,1,0,1,0,credit_card,20,0
txn_104356,1802.34,148,5,0,0,0,net_banking,21,0
txn_104357,451.74,169,1,0,0,0,credit_card,17,0
txn_104358,294.45,21,1,0,0,0,credit_card,1,0
txn_104359,1182.05,171,0,0,1,0,wallet,16,0
txn_104360,537.99,79,1,0,0,0,debit_card,21,0
txn_104361,883.67,119,4,0,0,1,wallet,9,0
txn_104362,1318.6,97,2,0,0,0,credit_card,18,0
txn_104363,4647.21,1,2,0,0,0,credit_card,8,0
txn_104364,410.93,23,1,0,1,0,debit_card,14,0
txn_104365,635.74,72,4,0,0,0,debit_card,4,0
txn_104366,1897.83,126,1,0,0,0,credit_card,12,0
txn_104367,6464.47,102,6,2,0,0,credit_card,20,0
txn_104368,5501.89,167,5,0,0,0,debit_card,17,0
txn_104369,855.59,268,2,0,1,0,net_banking,3,0
txn_104370,405.69,1080,2,0,0,0,credit_card,15,0
txn_104371,3204.32,6,3,0,1,0,net_banking,19,0
txn_104372,1243.25,4,2,0,0,0,credit_card,18,0
txn_104373,219.47,304,0,0,0,1,upi,10,0
txn_104374,1169.29,10,2,0,0,0,credit_card,9,0
txn_104375,1372.17,2,1,0,0,0,credit_card,22,0
txn_104376,1325.84,61,1,0,0,0,credit_card,10,0
txn_104377,3483.32,30,3,0,0,0,credit_card,22,0
txn_104378,593.14,248,2,0,0,1,upi,18,0
txn_104379,3061.73,14,2,0,0,0,upi,10,0
txn_104380,770.75,94,0,0,1,1,credit_card,15,0
txn_104381,1318.32,188,1,0,0,0,credit_card,10,0
txn_104382,557.01,96,15,0,0,1,net_banking,23,0
txn_104383,2386.31,334,4,0,0,0,credit_card,18,0
txn_104384,228.25,146,1,0,0,0,wallet,22,0
txn_104385,496.47,494,1,0,0,0,upi,21,0
txn_104386,4234.17,406,3,0,1,0,upi,9,0
txn_104387,991.44,7,4,1,0,0,credit_card,20,0
txn_104388,1064.79,26,1,0,0,0,credit_card,6,0
txn_104389,525.26,377,3,0,1,0,net_banking,18,0
txn_104390,2863.49,422,1,0,0,0,credit_card,17,0
txn_104391,711.72,16,9,0,0,0,credit_card,17,0
txn_104392,160.67,10,2,0,0,0,credit_card,10,0
txn_104393,805.03,11,3,2,0,0,debit_card,20,0
txn_104394,1657.16,280,3,0,0,0,debit_card,20,0
txn_104395,423.19,9,4,0,1,1,credit_card,11,0
txn_104396,847.75,111,1,0,0,0,debit_card,14,0
txn_104397,430.99,153,1,0,0,0,credit_card,12,0
txn_104398,116.97,657,1,0,0,1,debit_card,12,0
txn_104399,190.76,17,10,0,0,0,credit_card,12,0
txn_104400,602.69,593,1,0,0,0,credit_card,14,0
txn_104401,1210.91,119,4,0,0,0,upi,12,0
txn_104402,549.83,198,5,0,0,0,upi,22,0
txn_104403,1142.99,136,15,0,0,0,debit_card,10,0
txn_104404,7658.96,269,18,0,1,1,upi,14,0
txn_104405,5717.93,883,5,0,0,0,debit_card,18,0
txn_104406,326.26,5,2,0,0,0,net_banking,17,0
txn_104407,2182.19,227,1,0,0,0,upi,19,0
txn_104408,2576.34,320,6,0,0,0,credit_card,16,0
txn_104409,2096.2,378,0,0,0,0,net_banking,10,0
txn_104410,5414.11,40,2,0,0,0,wallet,10,0
txn_104411,154.26,6,1,0,1,0,net_banking,10,0
txn_104412,1645.92,254,2,0,0,0,credit_card,15,0
txn_104413,639.02,20,0,0,0,0,debit_card,7,0
txn_104414,1019.66,37,9,3,0,0,credit_card,10,0
txn_104415,998.54,9,4,1,0,0,credit_card,17,0
txn_104416,560.45,137,1,0,0,0,wallet,18,0
txn_104417,3137.21,88,1,0,0,0,upi,16,0
txn_104418,1037.75,509,2,0,0,0,net_banking,14,0
txn_104419,3470.46,23,1,0,0,0,credit_card,14,0
txn_104420,1588.65,218,1,0,1,0,debit_card,12,0
txn_104421,700.58,119,4,0,1,0,net_banking,13,0
txn_104422,3786.99,50,1,0,0,0,debit_card,14,0
txn_104423,1338.1,246,0,0,0,0,upi,12,0
txn_104424,973.38,51,4,0,0,0,wallet,11,0
txn_104425,8218.25,3,1,0,0,0,credit_card,7,0
txn_104426,377.08,393,10,5,0,0,credit_card,0,0
txn_104427,1797.62,61,1,0,0,0,credit_card,22,0
txn_104428,364.84,86,5,0,0,0,upi,13,0
txn_104429,1356.68,183,8,1,0,0,debit_card,8,0
txn_104430,1141.77,22,3,0,0,0,debit_card,19,0
txn_104431,2388.43,939,2,0,0,0,debit_card,17,0
txn_104432,1960.95,245,6,0,0,0,credit_card,14,0
txn_104433,2240.65,1,3,0,1,1,upi,19,0
txn_104434,6582.01,6,1,0,0,0,upi,9,0
txn_104435,3120.63,106,5,0,0,1,wallet,13,0
txn_104436,730.47,371,4,0,0,0,credit_card,17,0
txn_104437,984.71,2,3,0,0,0,upi,18,0
txn_104438,924.27,116,3,1,1,1,credit_card,15,1
txn_104439,477.53,3,4,1,0,0,upi,12,0
txn_104440,2582.12,416,0,0,0,0,net_banking,9,0
txn_104441,4163.43,2,3,0,0,0,wallet,9,0
txn_104442,1025.21,127,0,0,0,0,upi,10,0
txn_104443,909.95,10,3,0,0,0,debit_card,13,0
txn_104444,1008.86,85,10,0,0,0,net_banking,20,0
txn_104445,402.72,100,0,0,1,0,upi,14,0
txn_104446,1916.98,4,4,0,0,0,credit_card,18,0
txn_104447,398.95,566,0,0,0,0,upi,19,0
txn_104448,972.36,5,1,0,0,0,debit_card,8,0
txn_104449,659.86,175,9,1,0,1,debit_card,12,0
txn_104450,4175.21,88,4,0,0,0,credit_card,9,0
txn_104451,1214.0,8,4,0,0,1,wallet,8,0
txn_104452,1576.73,6,3,0,0,0,debit_card,12,0
txn_104453,946.04,87,1,0,0,0,upi,19,0
txn_104454,1063.63,1,2,0,0,0,upi,19,0
txn_104455,605.28,6,4,0,0,0,upi,19,0
txn_104456,3750.06,195,8,0,0,0,credit_card,14,0
txn_104457,2257.6,230,0,0,0,0,credit_card,10,0
txn_104458,1490.73,81,6,0,0,0,upi,12,0
txn_104459,1848.79,11,2,0,0,0,debit_card,12,0
txn_104460,239.21,8,3,1,0,0,upi,7,0
txn_104461,2325.34,0,1,0,0,1,upi,16,0
txn_104462,784.21,420,4,0,1,0,debit_card,22,0
txn_104463,596.23,104,0,0,0,0,debit_card,15,0
txn_104464,2406.29,117,13,1,0,1,upi,9,0
txn_104465,895.62,328,7,0,0,0,net_banking,10,0
txn_104466,1819.4,4,3,0,0,0,upi,14,0
txn_104467,783.62,38,1,0,0,0,credit_card,7,0
txn_104468,2093.32,56,1,0,0,0,net_banking,18,0
txn_104469,1135.44,94,10,4,0,0,debit_card,7,0
txn_104470,617.13,166,2,0,0,0,upi,17,0
txn_104471,5662.41,374,4,0,0,0,debit_card,4,0
txn_104472,475.21,11,3,1,0,0,upi,9,0
txn_104473,1091.24,182,1,0,1,1,debit_card,19,0
txn_104474,1380.53,327,1,0,0,0,credit_card,13,0
txn_104475,705.54,1,4,0,0,0,upi,20,0
txn_104476,3927.55,253,8,3,0,1,credit_card,11,0
txn_104477,5399.08,13,2,0,0,0,credit_card,10,0
txn_104478,601.22,55,5,2,0,0,upi,23,0
txn_104479,5946.06,283,2,0,0,0,net_banking,14,0
txn_104480,1176.82,8,2,1,0,0,credit_card,10,0
txn_104481,622.29,1,4,0,0,0,credit_card,8,0
txn_104482,605.96,18,2,0,0,0,debit_card,17,0
txn_104483,851.52,71,0,0,0,0,net_banking,11,0
txn_104484,1266.34,16,0,0,0,0,net_banking,18,0
txn_104485,1419.79,73,0,0,0,0,credit_card,0,0
txn_104486,1098.28,114,1,0,0,0,credit_card,20,0
txn_104487,1686.69,239,2,0,0,1,upi,16,1
txn_104488,198.73,4,4,1,0,0,credit_card,20,0
txn_104489,599.16,51,3,0,0,0,debit_card,22,0
txn_104490,2815.86,263,9,0,0,0,debit_card,14,0
txn_104491,765.64,16,8,0,0,0,net_banking,20,0
txn_104492,2852.22,42,0,0,0,1,upi,1,0
txn_104493,299.83,74,3,1,0,0,upi,12,0
txn_104494,466.44,1,2,0,0,0,upi,10,0
txn_104495,7268.26,251,3,0,0,0,credit_card,10,0
txn_104496,2128.72,305,0,0,0,0,debit_card,12,0
txn_104497,221.31,155,2,0,0,0,credit_card,12,0
txn_104498,578.52,181,0,0,0,0,upi,14,0
txn_104499,1514.32,68,4,1,1,0,credit_card,11,0
txn_104500,4221.76,695,4,1,0,0,debit_card,19,0
txn_104501,748.08,3,2,0,0,0,debit_card,12,0
txn_104502,798.45,45,1,0,0,0,upi,14,0
txn_104503,196.23,158,1,0,0,0,credit_card,18,0
txn_104504,7679.42,44,0,0,0,0,net_banking,22,0
txn_104505,1926.2,208,1,0,0,0,debit_card,17,0
txn_104506,1431.2,323,2,0,1,1,credit_card,8,0
txn_104507,1461.93,36,5,0,0,0,upi,17,0
txn_104508,1573.56,244,12,0,0,0,debit_card,20,0
txn_104509,2053.28,408,4,0,0,0,credit_card,12,0
txn_104510,3964.86,20,1,0,0,0,debit_card,16,0
txn_104511,1929.43,7,1,0,1,1,upi,16,0
txn_104512,315.86,338,1,0,0,0,debit_card,10,0
txn_104513,794.57,10,1,0,0,1,net_banking,18,0
txn_104514,581.85,224,7,0,0,0,credit_card,12,0
txn_104515,3841.98,151,3,0,0,0,upi,15,0
txn_104516,572.56,2,4,0,0,0,debit_card,18,0
txn_104517,624.28,5,2,0,0,0,debit_card,20,0
txn_104518,3926.73,129,7,1,0,0,debit_card,22,0
txn_104519,872.31,6,4,0,0,0,upi,20,0
txn_104520,1124.57,23,1,0,0,0,credit_card,18,0
txn_104521,768.38,88,1,0,0,0,credit_card,13,0
txn_104522,2167.09,482,0,0,0,0,upi,23,0
txn_104523,1477.81,344,2,0,1,1,debit_card,15,0
txn_104524,5488.1,577,0,0,0,0,credit_card,12,0
txn_104525,767.63,263,4,1,0,0,upi,19,0
txn_104526,1275.65,0,2,0,0,0,upi,10,0
txn_104527,718.41,32,2,0,0,0,debit_card,14,0
txn_104528,1953.89,30,4,0,0,1,credit_card,1,0
txn_104529,3552.11,400,8,0,0,0,upi,8,0
txn_104530,1442.41,181,16,2,0,0,upi,18,0
txn_104531,2358.62,8,4,1,0,0,net_banking,13,0
txn_104532,1789.37,75,1,0,0,0,upi,15,0
txn_104533,2947.51,17,1,0,0,0,credit_card,11,0
txn_104534,16808.2,141,5,0,0,0,credit_card,20,0
txn_104535,1379.99,179,0,0,0,0,upi,17,0
txn_104536,407.74,320,2,0,0,0,credit_card,15,0
txn_104537,747.44,522,2,0,0,1,debit_card,12,0
txn_104538,807.65,22,4,0,0,0,net_banking,16,0
txn_104539,2491.69,64,4,0,0,0,credit_card,17,0
txn_104540,947.94,79,4,0,0,0,debit_card,16,0
txn_104541,1069.65,8,4,1,0,1,debit_card,13,0
txn_104542,842.29,164,0,0,0,0,credit_card,18,0
txn_104543,19177.55,1,1,0,0,0,credit_card,16,0
txn_104544,405.59,5,2,0,0,0,upi,15,0
txn_104545,2669.83,9,1,0,0,0,debit_card,12,0
txn_104546,508.04,461,0,0,1,0,debit_card,15,0
txn_104547,1402.47,102,0,0,0,0,debit_card,7,0
txn_104548,1263.88,26,0,0,0,0,debit_card,10,0
txn_104549,1155.99,118,5,0,1,0,net_banking,19,0
txn_104550,603.78,104,7,0,0,0,upi,17,0
txn_104551,5963.24,4,4,1,0,0,credit_card,23,0
txn_104552,7769.66,59,7,2,0,0,credit_card,15,0
txn_104553,1019.94,362,1,0,0,0,debit_card,16,0
txn_104554,2860.58,276,0,0,0,0,wallet,16,0
txn_104555,3066.76,258,5,0,1,0,credit_card,17,1
txn_104556,719.49,11,2,0,1,0,wallet,18,0
txn_104557,13739.39,3,1,0,0,1,upi,6,0
txn_104558,5105.6,491,3,0,0,0,credit_card,8,0
txn_104559,1957.1,81,0,0,1,0,upi,11,0
txn_104560,539.3,485,1,0,0,0,credit_card,23,0
txn_104561,356.56,23,2,0,0,0,credit_card,17,0
txn_104562,1469.36,565,15,0,0,0,credit_card,11,0
txn_104563,1961.72,216,2,0,0,0,debit_card,15,0
txn_104564,17928.44,521,2,0,0,0,debit_card,19,0
txn_104565,2570.32,188,1,0,0,0,debit_card,19,0
txn_104566,423.32,52,3,0,0,0,credit_card,13,0
txn_104567,1052.86,64,0,0,0,0,credit_card,3,0
txn_104568,12144.87,1,2,0,1,0,debit_card,13,0
txn_104569,431.59,118,0,0,0,0,net_banking,11,0
txn_104570,300.71,14,4,0,1,0,net_banking,16,0
txn_104571,1082.38,33,2,0,0,0,net_banking,5,0
txn_104572,1294.08,42,1,0,0,0,debit_card,13,0
txn_104573,3323.69,445,0,0,0,0,debit_card,18,0
txn_104574,914.72,82,1,0,0,0,net_banking,9,0
txn_104575,1372.07,0,3,1,1,0,upi,8,0
txn_104576,1237.45,238,5,0,1,0,upi,15,0
txn_104577,578.48,448,8,0,0,0,upi,22,0
txn_104578,836.07,4,2,0,0,0,credit_card,19,0
txn_104579,2902.48,10,1,0,0,0,wallet,7,0
txn_104580,4006.31,41,17,0,0,0,debit_card,12,0
txn_104581,1515.45,176,0,0,0,0,upi,11,0
txn_104582,2123.37,171,1,0,0,0,upi,19,0
txn_104583,2237.61,55,0,0,1,0,credit_card,7,0
txn_104584,174.88,86,3,0,0,1,debit_card,17,0
txn_104585,2729.81,131,2,0,0,1,credit_card,11,1
txn_104586,1219.18,142,0,0,0,0,debit_card,11,0
txn_104587,233.69,224,3,0,0,0,credit_card,13,0
txn_104588,2304.38,76,7,0,0,0,upi,20,0
txn_104589,479.28,26,0,0,0,0,upi,14,0
txn_104590,926.03,92,1,0,1,0,credit_card,10,0
txn_104591,3007.04,103,0,0,0,0,credit_card,19,0
txn_104592,2212.47,439,0,0,0,0,net_banking,10,0
txn_104593,1535.65,248,2,0,0,0,upi,8,0
txn_104594,495.78,425,1,0,0,0,upi,21,0
txn_104595,1710.04,316,1,0,0,1,upi,14,0
txn_104596,2654.72,212,1,0,0,0,credit_card,20,0
txn_104597,1597.64,233,2,0,0,0,credit_card,19,0
txn_104598,995.66,123,1,0,0,1,upi,14,0
txn_104599,406.88,204,12,0,0,1,debit_card,21,0
txn_104600,1246.88,15,3,0,0,0,net_banking,10,0
txn_104601,1452.44,6,1,0,0,0,credit_card,13,0
txn_104602,1051.5,85,3,0,0,0,wallet,19,0
txn_104603,1418.78,12,2,0,0,0,credit_card,16,0
txn_104604,447.52,412,1,0,0,0,credit_card,10,0
txn_104605,4055.49,69,5,0,0,0,credit_card,11,0
txn_104606,1684.6,310,5,0,1,0,net_banking,18,0
txn_104607,412.89,3,4,0,0,1,credit_card,1,0
txn_104608,832.61,11,2,0,0,0,credit_card,16,0
txn_104609,1995.86,657,4,0,0,1,credit_card,23,0
txn_104610,1601.76,4,3,0,0,1,upi,12,0
txn_104611,3559.88,113,2,0,0,0,credit_card,22,0
txn_104612,3368.34,14,3,0,0,0,net_banking,16,0
txn_104613,981.73,10,1,0,0,0,credit_card,11,0
txn_104614,639.91,207,2,0,0,0,net_banking,14,0
txn_104615,236.31,52,2,0,1,0,upi,18,0
txn_104616,2916.16,142,5,0,0,0,upi,7,0
txn_104617,2327.82,251,11,0,0,1,upi,19,0
txn_104618,894.5,283,11,0,0,1,credit_card,9,0
txn_104619,4802.8,0,4,0,0,0,credit_card,10,0
txn_104620,921.66,187,0,0,0,0,credit_card,14,0
txn_104621,507.69,48,1,0,1,0,net_banking,10,0
txn_104622,313.89,9,3,0,0,0,debit_card,6,0
txn_104623,461.46,236,1,0,0,0,credit_card,13,0
txn_104624,728.5,87,4,1,0,0,net_banking,21,0
txn_104625,424.96,170,0,0,0,1,credit_card,20,1
txn_104626,2918.7,294,2,0,1,0,debit_card,18,0
txn_104627,4952.79,5,2,0,0,0,upi,11,0
txn_104628,447.71,201,0,0,0,0,net_banking,19,0
txn_104629,1406.51,104,17,0,0,0,upi,9,0
txn_104630,1674.35,13,1,0,0,0,debit_card,16,0
txn_104631,894.5,34,11,0,0,0,debit_card,1,0
txn_104632,2709.4,10,3,0,0,0,credit_card,12,0
txn_104633,1395.58,69,2,0,0,0,credit_card,11,0
txn_104634,540.25,150,3,0,0,0,credit_card,13,0
txn_104635,993.05,10,3,1,1,0,debit_card,2,0
txn_104636,1336.75,138,12,1,0,1,wallet,10,0
txn_104637,1187.05,441,3,0,0,0,upi,9,0
txn_104638,2248.64,194,0,0,0,0,debit_card,16,0
txn_104639,2041.14,287,0,0,0,0,credit_card,9,0
txn_104640,878.65,13,3,0,0,0,credit_card,17,0
txn_104641,4308.71,32,3,1,1,0,upi,21,0
txn_104642,1325.07,294,0,0,0,0,upi,1,0
txn_104643,306.13,2,4,1,0,0,upi,12,0
txn_104644,5171.93,96,2,0,0,0,credit_card,16,0
txn_104645,1066.37,214,26,0,0,1,debit_card,12,0
txn_104646,2158.75,170,2,0,0,0,debit_card,20,0
txn_104647,1988.45,47,3,0,0,0,credit_card,22,0
txn_104648,2151.45,88,5,2,0,0,net_banking,18,0
txn_104649,1007.63,218,1,0,0,0,credit_card,9,0
txn_104650,442.78,4,3,1,0,0,credit_card,14,0
txn_104651,2383.08,5,3,1,0,0,net_banking,18,0
txn_104652,4601.51,60,0,0,0,0,credit_card,12,0
txn_104653,714.09,7,3,1,0,0,credit_card,17,0
txn_104654,1100.04,113,8,0,0,0,net_banking,22,1
txn_104655,1895.1,283,3,0,0,0,upi,10,0
txn_104656,411.03,294,8,0,0,0,credit_card,15,0
txn_104657,2225.77,468,5,0,1,0,upi,16,0
txn_104658,1664.16,184,18,2,0,0,debit_card,15,0
txn_104659,5686.63,107,2,0,0,0,debit_card,11,0
txn_104660,461.94,46,1,0,0,0,upi,15,0
txn_104661,495.92,493,1,0,0,0,net_banking,12,0
txn_104662,4031.4,6,2,0,0,0,credit_card,15,0
txn_104663,1505.16,65,2,0,0,0,credit_card,11,0
txn_104664,1539.37,27,1,0,0,0,upi,21,0
txn_104665,3660.1,23,5,0,0,0,debit_card,17,0
txn_104666,1733.82,205,0,0,0,0,credit_card,8,0
txn_104667,2405.0,651,3,1,0,0,credit_card,16,0
txn_104668,5192.57,410,7,2,1,0,net_banking,12,0
txn_104669,1995.43,230,1,0,0,0,upi,12,0
txn_104670,775.92,232,4,0,0,0,credit_card,12,0
txn_104671,544.59,377,1,0,0,0,debit_card,13,0
txn_104672,3381.05,143,5,2,0,0,upi,17,0
txn_104673,1731.15,75,2,0,0,0,upi,18,0
txn_104674,313.37,55,3,0,0,0,credit_card,19,0
txn_104675,1887.77,388,3,1,0,0,debit_card,11,0
txn_104676,398.63,8,3,0,0,0,credit_card,12,0
txn_104677,1144.62,303,0,0,0,0,debit_card,16,0
txn_104678,880.9,1,2,1,0,0,net_banking,19,0
txn_104679,2433.05,177,3,0,0,0,debit_card,17,0
txn_104680,5981.9,109,3,0,0,0,credit_card,16,0
txn_104681,2973.07,438,7,0,0,0,credit_card,19,0
txn_104682,494.0,0,2,0,0,0,debit_card,18,0
txn_104683,2631.13,229,0,0,0,0,credit_card,15,0
txn_104684,795.86,145,2,0,0,1,debit_card,17,0
txn_104685,947.64,38,0,0,0,0,upi,1,0
txn_104686,2241.27,155,1,0,0,0,debit_card,8,0
txn_104687,199.51,228,3,0,0,0,upi,15,0
txn_104688,751.42,88,0,0,0,1,upi,21,0
txn_104689,1856.21,433,0,0,0,0,credit_card,17,1
txn_104690,387.96,538,5,0,0,1,debit_card,11,0
txn_104691,1678.21,946,4,1,0,0,upi,9,0
txn_104692,767.86,35,4,0,0,0,upi,15,0
txn_104693,1046.11,245,3,1,0,0,upi,10,0
txn_104694,427.47,368,0,0,1,0,net_banking,18,0
txn_104695,4829.21,485,1,0,0,0,upi,13,0
txn_104696,688.02,162,0,0,0,0,net_banking,21,0
txn_104697,383.18,36,0,0,0,0,credit_card,10,0
txn_104698,1074.31,50,4,0,0,1,credit_card,19,0
txn_104699,261.91,140,4,1,1,0,credit_card,15,0
txn_104700,518.62,181,0,0,0,0,credit_card,20,0
txn_104701,313.63,4,1,0,0,1,debit_card,20,0
txn_104702,777.76,475,2,0,0,0,debit_card,9,0
txn_104703,1709.2,93,0,0,0,0,credit_card,19,0
txn_104704,4793.27,106,0,0,0,1,debit_card,19,0
txn_104705,2717.92,154,3,0,0,0,upi,10,0
txn_104706,1399.15,287,2,0,1,0,credit_card,12,0
txn_104707,1077.24,120,2,0,0,0,credit_card,18,0
txn_104708,1792.72,206,4,1,0,0,debit_card,20,0
txn_104709,410.89,410,9,3,0,0,debit_card,7,0
txn_104710,502.42,226,0,0,0,1,upi,13,0
txn_104711,767.28,17,5,0,0,0,upi,11,0
txn_104712,11970.67,348,1,0,0,0,credit_card,7,0
txn_104713,1172.13,9,4,0,0,1,net_banking,22,1
txn_104714,1387.12,3,1,0,1,0,upi,18,0
txn_104715,1817.87,242,6,0,0,0,upi,7,0
txn_104716,3262.86,81,1,0,0,0,upi,12,0
txn_104717,726.75,3,2,0,0,0,upi,21,0
txn_104718,3216.68,44,22,3,0,0,credit_card,16,0
txn_104719,976.66,263,2,0,0,0,upi,11,0
txn_104720,1779.76,87,6,0,0,0,debit_card,19,0
txn_104721,1783.92,14,4,0,0,0,upi,11,0
txn_104722,605.95,278,4,1,0,0,upi,18,0
txn_104723,3451.04,4,4,0,0,0,credit_card,17,0
txn_104724,317.15,535,1,0,0,0,wallet,9,0
txn_104725,631.71,475,1,0,0,0,credit_card,16,0
txn_104726,1508.03,53,0,0,0,0,credit_card,16,0
txn_104727,790.39,95,9,0,0,0,credit_card,10,0
txn_104728,293.22,5,2,0,0,0,upi,18,0
txn_104729,4041.09,1069,3,0,0,0,upi,13,0
txn_104730,452.04,95,21,3,0,0,debit_card,21,0
txn_104731,3489.33,227,2,0,0,0,credit_card,9,0
txn_104732,2069.22,15,0,0,0,0,debit_card,9,0
txn_104733,6536.64,52,13,5,0,0,upi,15,0
txn_104734,1513.24,23,3,0,0,0,upi,23,0
txn_104735,1095.51,25,3,0,1,0,credit_card,17,0
txn_104736,841.79,0,3,0,0,0,credit_card,22,0
txn_104737,673.87,477,8,0,0,0,credit_card,20,0
txn_104738,352.31,168,12,1,1,0,credit_card,9,1
txn_104739,1700.51,14,4,1,0,0,credit_card,11,0
txn_104740,1047.25,4,4,0,0,0,credit_card,19,0
txn_104741,1371.65,72,1,0,0,0,credit_card,1,0
txn_104742,208.04,7,2,0,0,0,upi,19,0
txn_104743,1548.88,195,0,0,1,0,credit_card,14,0
txn_104744,2230.23,7,3,0,0,0,debit_card,15,0
txn_104745,1819.26,63,10,4,0,0,credit_card,12,0
txn_104746,421.83,47,4,0,0,1,upi,12,0
txn_104747,1929.51,15,3,0,0,0,debit_card,20,0
txn_104748,738.35,25,3,0,1,0,debit_card,11,0
txn_104749,919.04,440,8,0,0,1,credit_card,17,0
txn_104750,370.19,400,3,0,1,0,debit_card,19,0
txn_104751,492.33,68,0,0,0,0,upi,15,0
txn_104752,811.14,144,5,0,1,0,credit_card,15,0
txn_104753,1194.41,27,2,0,0,0,credit_card,21,0
txn_104754,620.72,66,3,0,0,0,credit_card,21,0
txn_104755,1463.73,39,5,3,0,0,net_banking,12,0
txn_104756,2643.75,312,4,0,0,0,debit_card,17,0
txn_104757,1401.22,581,2,0,0,0,credit_card,12,0
txn_104758,1707.1,640,2,0,0,0,upi,12,0
txn_104759,1415.38,448,27,0,0,0,upi,9,0
txn_104760,1155.69,175,3,1,0,0,credit_card,12,0
txn_104761,130.69,10,2,0,0,0,net_banking,12,0
txn_104762,2802.48,24,13,5,0,0,credit_card,13,0
txn_104763,2030.58,1,2,0,0,0,debit_card,9,0
txn_104764,1311.84,8,1,0,0,0,debit_card,19,0
txn_104765,3835.01,226,9,3,0,0,debit_card,15,0
txn_104766,1204.65,515,3,0,1,0,credit_card,11,0
txn_104767,768.04,14,2,0,0,0,upi,11,0
txn_104768,2909.45,74,7,0,0,1,upi,12,0
txn_104769,1524.61,147,0,0,0,0,credit_card,1,0
txn_104770,2404.5,100,2,0,0,0,credit_card,12,0
txn_104771,599.59,32,2,0,1,0,upi,8,0
txn_104772,7192.1,10,4,0,0,0,debit_card,11,0
txn_104773,1128.64,95,0,0,0,0,debit_card,18,0
txn_104774,809.51,12,3,0,0,0,credit_card,11,0
txn_104775,1613.8,183,7,0,0,0,net_banking,7,0
txn_104776,1007.95,297,8,0,0,0,debit_card,11,0
txn_104777,888.85,8,1,0,0,0,credit_card,20,0
txn_104778,1634.83,11,3,0,0,0,credit_card,14,0
txn_104779,1414.63,6,1,0,0,0,upi,9,0
txn_104780,3888.5,80,0,0,0,0,credit_card,20,0
txn_104781,4135.5,23,4,0,0,0,debit_card,11,0
txn_104782,1080.21,73,4,0,0,0,credit_card,9,0
txn_104783,398.36,12,1,0,0,0,credit_card,15,0
txn_104784,1163.43,12,2,0,0,0,credit_card,16,0
txn_104785,426.41,11,3,0,0,0,debit_card,8,0
txn_104786,5434.73,930,1,0,0,0,credit_card,11,0
txn_104787,790.47,118,1,0,0,0,upi,11,0
txn_104788,3523.12,6,3,0,0,0,debit_card,13,0
txn_104789,617.05,288,0,0,0,0,credit_card,9,0
txn_104790,1294.97,413,11,0,0,0,upi,23,0
txn_104791,472.56,55,6,0,0,0,credit_card,17,0
txn_104792,1491.17,16,2,0,0,0,credit_card,22,0
txn_104793,2808.72,227,7,1,0,0,credit_card,16,0
txn_104794,1050.54,8,3,0,0,0,credit_card,20,0
txn_104795,260.06,117,9,0,0,0,credit_card,13,0
txn_104796,433.05,8,4,0,1,0,credit_card,21,0
txn_104797,4149.5,5,3,0,0,1,credit_card,19,0
txn_104798,518.65,152,0,0,0,0,credit_card,20,0
txn_104799,1564.38,125,0,0,1,0,credit_card,18,0
txn_104800,2951.73,162,1,0,1,0,net_banking,17,0
txn_104801,714.53,23,0,0,0,0,credit_card,10,0
txn_104802,1875.86,153,0,0,1,0,debit_card,21,0
txn_104803,2527.33,6,2,0,0,0,upi,10,0
txn_104804,2890.17,0,3,0,0,0,credit_card,22,0
txn_104805,7093.33,647,1,0,0,0,credit_card,11,0
txn_104806,1827.47,294,2,0,1,0,upi,16,0
txn_104807,2369.37,476,3,0,0,1,debit_card,7,0
txn_104808,2508.09,57,11,0,0,0,credit_card,18,0
txn_104809,605.75,48,10,1,0,0,debit_card,20,0
txn_104810,922.39,11,3,0,1,0,upi,10,0
txn_104811,9955.09,3,3,0,0,0,credit_card,20,0
txn_104812,2265.55,26,9,0,0,0,credit_card,6,0
txn_104813,11359.17,91,0,0,0,0,net_banking,15,0
txn_104814,628.23,1313,4,0,0,0,credit_card,10,0
txn_104815,615.7,955,1,0,1,0,upi,18,0
txn_104816,3893.03,5,3,0,0,0,net_banking,11,0
txn_104817,2529.87,10,1,0,0,1,credit_card,18,1
txn_104818,3054.73,106,2,0,0,0,upi,9,0
txn_104819,1630.3,4,2,0,0,0,credit_card,12,0
txn_104820,374.94,104,2,0,0,0,upi,18,0
txn_104821,1789.9,7,4,0,1,0,credit_card,10,0
txn_104822,231.58,93,4,1,0,0,upi,11,0
txn_104823,1179.2,0,1,0,0,0,debit_card,19,1
txn_104824,737.07,8,2,0,0,1,upi,12,0
txn_104825,203.27,13,1,0,0,0,credit_card,15,0
txn_104826,814.59,326,4,1,0,0,net_banking,10,0
txn_104827,792.62,22,4,0,0,0,debit_card,13,0
txn_104828,312.6,100,0,0,0,0,upi,22,0
txn_104829,2237.76,4,4,1,0,0,net_banking,11,0
txn_104830,962.25,40,0,0,0,0,net_banking,6,0
txn_104831,2028.61,34,2,0,0,1,debit_card,8,0
txn_104832,2070.67,93,0,0,0,0,credit_card,11,0
txn_104833,627.28,5,2,0,0,0,net_banking,22,0
txn_104834,2395.08,183,3,0,0,1,upi,17,0
txn_104835,2819.84,168,5,0,0,1,upi,8,0
txn_104836,1101.34,306,3,0,0,0,debit_card,17,0
txn_104837,369.48,153,1,0,0,0,upi,17,0
txn_104838,2344.19,367,0,0,0,0,wallet,16,0
txn_104839,640.61,37,7,0,0,0,upi,16,0
txn_104840,1806.02,3,2,0,0,0,credit_card,18,0
txn_104841,748.3,39,7,0,1,0,credit_card,18,0
txn_104842,1510.84,11,4,0,0,0,credit_card,11,0
txn_104843,714.48,10,2,0,0,0,credit_card,15,0
txn_104844,1055.34,92,12,0,0,0,upi,21,0
txn_104845,8860.09,42,5,0,0,1,upi,6,0
txn_104846,621.81,13,3,0,0,0,debit_card,8,0
txn_104847,4617.69,257,2,0,0,0,credit_card,17,0
txn_104848,384.81,353,5,0,0,0,wallet,15,0
txn_104849,1484.69,12,3,0,0,0,credit_card,7,0
txn_104850,1267.24,80,1,0,0,0,net_banking,16,0
txn_104851,725.17,13,1,0,0,0,credit_card,19,0
txn_104852,1011.38,302,0,0,0,0,credit_card,16,0
txn_104853,2477.95,129,4,0,0,0,upi,18,0
txn_104854,5586.78,1,4,0,0,0,debit_card,19,0
txn_104855,2240.36,36,2,0,0,0,net_banking,14,0
txn_104856,228.32,91,3,0,0,0,credit_card,17,0
txn_104857,1346.59,37,1,0,0,0,upi,16,0
txn_104858,2199.56,9,2,0,0,0,debit_card,17,0
txn_104859,1354.49,7,3,0,1,0,debit_card,21,0
txn_104860,2552.09,1,4,0,0,0,debit_card,13,0
txn_104861,256.55,61,0,0,0,1,debit_card,18,0
txn_104862,2112.47,38,1,0,0,0,net_banking,10,0
txn_104863,233.25,37,3,1,0,0,credit_card,19,0
txn_104864,687.45,116,0,0,1,0,debit_card,10,0
txn_104865,3559.36,26,13,0,0,0,debit_card,19,0
txn_104866,626.2,298,1,0,0,0,credit_card,18,0
txn_104867,1552.44,502,2,0,0,0,credit_card,12,0
txn_104868,3390.86,0,2,0,1,1,credit_card,22,0
txn_104869,408.66,94,1,0,0,1,credit_card,13,0
txn_104870,2130.96,301,1,0,0,0,credit_card,22,0
txn_104871,934.23,24,7,2,0,0,wallet,12,0
txn_104872,1509.36,10,3,0,0,0,upi,14,0
txn_104873,768.33,25,0,0,0,0,upi,10,0
txn_104874,920.84,3,3,1,0,0,credit_card,22,0
txn_104875,2636.78,115,1,0,1,0,upi,17,0
txn_104876,1789.66,193,0,0,1,0,credit_card,21,0
txn_104877,1604.04,419,0,0,0,0,upi,19,0
txn_104878,230.17,43,0,0,0,0,credit_card,19,0
txn_104879,3957.48,11,4,0,1,0,net_banking,13,1
txn_104880,1912.63,5,4,1,1,0,credit_card,18,1
txn_104881,860.75,33,2,0,0,0,net_banking,19,0
txn_104882,1142.78,3,3,0,0,1,credit_card,11,0
txn_104883,3001.49,502,1,0,0,0,debit_card,15,0
txn_104884,1014.03,555,1,0,0,0,upi,12,0
txn_104885,830.27,72,1,0,0,0,credit_card,17,0
txn_104886,5091.29,68,14,0,1,0,debit_card,12,0
txn_104887,1717.41,66,6,0,0,0,net_banking,19,0
txn_104888,5988.21,471,0,0,1,1,credit_card,13,0
txn_104889,1605.17,8,1,0,0,0,credit_card,6,0
txn_104890,265.53,200,1,0,0,0,debit_card,9,0
txn_104891,2031.64,26,12,1,0,0,upi,9,0
txn_104892,515.16,198,1,0,0,0,credit_card,0,0
txn_104893,1831.37,263,6,0,0,0,credit_card,13,0
txn_104894,2056.66,170,7,0,0,0,credit_card,6,0
txn_104895,241.71,7,1,0,0,1,debit_card,14,0
txn_104896,1928.07,12,4,1,0,0,credit_card,15,0
txn_104897,2114.28,213,0,0,1,0,upi,20,0
txn_104898,12644.16,7,1,0,0,1,net_banking,18,0
txn_104899,4928.5,274,4,1,0,0,credit_card,17,0
txn_104900,806.61,241,0,0,0,0,credit_card,5,0
txn_104901,1539.52,16,12,0,0,1,debit_card,22,0
txn_104902,600.08,257,9,1,0,0,credit_card,15,0
txn_104903,1058.47,70,4,0,1,0,upi,17,0
txn_104904,1373.2,87,6,0,1,1,upi,18,0
txn_104905,947.92,4,3,0,0,0,debit_card,20,0
txn_104906,380.66,111,11,0,1,0,credit_card,18,0
txn_104907,932.58,277,0,0,1,0,debit_card,11,0
txn_104908,2723.83,302,10,0,0,1,debit_card,15,0
txn_104909,697.24,12,1,0,1,0,net_banking,14,0
txn_104910,2633.38,13,4,0,0,0,debit_card,22,0
txn_104911,1011.67,11,3,0,0,1,credit_card,13,0
txn_104912,32673.14,293,0,0,1,0,net_banking,9,0
txn_104913,1167.83,6,4,0,0,0,debit_card,20,0
txn_104914,1887.81,68,1,0,0,0,credit_card,16,0
txn_104915,701.24,398,0,0,0,0,debit_card,17,0
txn_104916,2800.63,249,1,0,0,0,net_banking,0,0
txn_104917,406.61,20,4,1,0,0,credit_card,13,0
txn_104918,1718.49,2,3,0,0,0,credit_card,2,0
txn_104919,2776.22,7,2,0,0,0,credit_card,12,0
txn_104920,2387.58,209,0,0,0,0,upi,19,0
txn_104921,1796.84,18,1,0,0,0,upi,22,0
txn_104922,4212.06,128,11,4,0,0,credit_card,15,0
txn_104923,1688.13,20,0,0,0,0,credit_card,8,0
txn_104924,1586.39,505,1,0,0,0,credit_card,11,0
txn_104925,616.78,313,8,0,0,0,upi,9,0
txn_104926,622.59,116,0,0,0,1,debit_card,19,0
txn_104927,247.29,1,2,0,0,0,upi,14,0
txn_104928,2054.31,2,2,0,0,0,net_banking,8,0
txn_104929,262.72,9,4,0,0,0,upi,19,0
txn_104930,2235.65,182,11,0,1,1,upi,20,1
txn_104931,2236.6,207,0,0,1,0,upi,21,0
txn_104932,453.89,146,8,0,0,0,debit_card,23,0
txn_104933,1208.21,323,2,0,0,0,credit_card,9,0
txn_104934,3419.22,168,1,0,0,0,debit_card,17,0
txn_104935,861.6,169,7,0,0,0,debit_card,8,0
txn_104936,2647.83,158,2,0,0,0,upi,12,0
txn_104937,3464.8,148,6,0,0,0,credit_card,11,0
txn_104938,1778.28,348,2,0,0,1,upi,7,0
txn_104939,508.5,401,12,0,0,0,upi,21,0
txn_104940,2487.32,305,0,0,1,0,credit_card,1,0
txn_104941,287.46,330,3,0,0,0,credit_card,10,0
txn_104942,751.96,711,6,0,0,0,upi,18,0
txn_104943,1326.49,152,5,0,0,0,credit_card,14,0
txn_104944,6096.56,0,4,0,1,0,wallet,18,0
txn_104945,193.96,72,0,0,0,1,upi,14,0
txn_104946,3354.32,20,0,0,0,0,upi,20,0
txn_104947,1269.5,735,4,1,0,0,credit_card,22,0
txn_104948,778.83,18,1,0,0,0,credit_card,14,0
txn_104949,4507.18,235,2,0,0,1,upi,9,0
txn_104950,496.31,8,2,0,0,0,credit_card,15,0
txn_104951,1182.16,314,3,0,0,0,credit_card,12,0
txn_104952,787.13,34,1,0,0,0,debit_card,10,0
txn_104953,634.35,116,3,1,0,0,credit_card,23,0
txn_104954,724.8,7,3,1,0,0,net_banking,18,0
txn_104955,6662.03,14,1,0,0,0,debit_card,17,0
txn_104956,2314.47,71,0,0,0,0,debit_card,17,0
txn_104957,2900.04,34,12,1,1,0,credit_card,11,0
txn_104958,1119.16,636,2,0,0,0,wallet,11,0
txn_104959,2631.51,27,3,0,0,0,credit_card,16,0
txn_104960,2632.25,657,6,0,0,0,net_banking,13,0
txn_104961,5851.93,234,3,1,0,0,debit_card,16,0
txn_104962,5860.33,10,2,0,1,1,net_banking,10,0
txn_104963,394.58,142,6,0,0,0,credit_card,11,0
txn_104964,241.38,226,0,0,0,0,credit_card,12,0
txn_104965,1471.16,148,2,0,0,0,net_banking,16,0
txn_104966,2141.15,16,6,0,0,1,credit_card,10,0
txn_104967,1740.47,8,1,0,0,0,upi,16,0
txn_104968,11135.11,330,2,0,0,0,credit_card,17,0
txn_104969,470.7,49,0,0,0,0,upi,17,0
txn_104970,686.95,50,4,0,0,0,credit_card,19,0
txn_104971,395.61,391,1,0,0,0,debit_card,11,0
txn_104972,1065.72,97,0,0,0,0,credit_card,18,0
txn_104973,507.64,305,5,0,0,0,credit_card,13,0
txn_104974,1644.62,73,0,0,0,0,wallet,13,0
txn_104975,671.95,143,1,0,0,0,credit_card,4,0
txn_104976,2475.99,11,2,0,0,0,net_banking,11,0
txn_104977,763.18,0,3,0,0,1,upi,16,0
txn_104978,1888.32,221,1,0,0,0,upi,8,0
txn_104979,982.81,66,4,1,0,0,debit_card,21,0
txn_104980,407.64,134,3,1,0,0,credit_card,19,0
txn_104981,533.79,6,1,0,0,0,credit_card,5,0
txn_104982,1694.16,562,0,0,0,0,upi,10,0
txn_104983,1628.19,11,2,0,0,0,debit_card,18,0
txn_104984,159.01,12,1,0,0,0,credit_card,11,0
txn_104985,5120.64,5,3,0,0,0,upi,14,0
txn_104986,2565.71,17,2,0,0,0,net_banking,19,0
txn_104987,2585.56,41,1,0,0,0,debit_card,13,0
txn_104988,494.58,84,2,0,0,0,debit_card,17,0
txn_104989,10067.33,5,2,0,1,0,wallet,12,0
txn_104990,7687.63,284,0,0,0,0,debit_card,12,0
txn_104991,527.99,1168,6,0,0,0,debit_card,17,0
txn_104992,154.28,11,1,0,0,0,debit_card,12,0
txn_104993,300.37,68,1,0,0,1,upi,18,0
txn_104994,3339.33,279,8,3,0,0,net_banking,22,0
txn_104995,2715.24,42,1,0,0,0,debit_card,7,0
txn_104996,5122.0,229,9,0,0,0,debit_card,17,0
txn_104997,111.14,78,9,1,0,0,net_banking,16,0
txn_104998,6353.9,19,4,1,0,0,debit_card,10,0
txn_104999,1505.96,11,1,0,0,0,upi,11,0
txn_105000,517.61,601,1,0,0,0,credit_card,6,0
